product_code,revision_code,issue
500C1291,,FG code missing in FG inventory
710C1001UVS,1,FG code missing in FG inventory
710C1001UVS,1,FG code missing in FG inventory
710C1001UVS,1,FG code missing in FG inventory
710C1001UVS,1,FG code missing in FG inventory
710C1001UVS,1,FG code missing in FG inventory
710C1001UVS,1,FG code missing in FG inventory
710C1001UVS,1,FG code missing in FG inventory
710C1001UVS,1,FG code missing in FG inventory
710C1001UVS,1,FG code missing in FG inventory
501C1201,2,FG code missing in FG inventory
501C1201,2,FG code missing in FG inventory
501C1201,2,FG code missing in FG inventory
501C1201,2,FG code missing in FG inventory
501C1201,2,FG code missing in FG inventory
501C1201,2,FG code missing in FG inventory
501C2201,2,FG code missing in FG inventory
501C2201,2,FG code missing in FG inventory
501C2201,2,FG code missing in FG inventory
501C2201,2,FG code missing in FG inventory
501C2201,2,FG code missing in FG inventory
501C2201,2,FG code missing in FG inventory
710C0083IM,1,FG code missing in FG inventory
710C0083IM,1,FG code missing in FG inventory
710C0083IM,1,FG code missing in FG inventory
710C0083IM,1,FG code missing in FG inventory
710C0083IM,1,FG code missing in FG inventory
710C0083IM,1,FG code missing in FG inventory
710C0083IM,1,FG code missing in FG inventory
710C0083IM,1,FG code missing in FG inventory
710C0083IM,1,FG code missing in FG inventory
710C0083IM,1,FG code missing in FG inventory
721C1001F,1,FG code missing in FG inventory
721C1001F,1,FG code missing in FG inventory
721C1001F,1,FG code missing in FG inventory
721C1001F,1,FG code missing in FG inventory
721C1001F,1,FG code missing in FG inventory
721C1001F,1,FG code missing in FG inventory
721C1001F,1,FG code missing in FG inventory
730C2001F,4,FG code missing in FG inventory
730C2001F,4,FG code missing in FG inventory
730C2001F,4,FG code missing in FG inventory
730C2001F,4,FG code missing in FG inventory
730C2001F,4,FG code missing in FG inventory
730C2001F,4,FG code missing in FG inventory
730C2001F,4,FG code missing in FG inventory
730C2001F,4,FG code missing in FG inventory
730C2001F,4,FG code missing in FG inventory
720C4032,1,FG code missing in FG inventory
720C4032,1,FG code missing in FG inventory
720C4032,1,FG code missing in FG inventory
720C4032,1,FG code missing in FG inventory
720C4032,1,FG code missing in FG inventory
720C4032,1,FG code missing in FG inventory
710C1001IM,0,FG code missing in FG inventory
710C1001IM,0,FG code missing in FG inventory
710C1001IM,0,FG code missing in FG inventory
710C1001IM,0,FG code missing in FG inventory
710C1001IM,0,FG code missing in FG inventory
710C1001IM,0,FG code missing in FG inventory
710C1001IM,0,FG code missing in FG inventory
710C0031HSMT,0,FG code missing in FG inventory
710C0031HSMT,0,FG code missing in FG inventory
710C0031HSMT,0,FG code missing in FG inventory
710C0031HSMT,0,FG code missing in FG inventory
710C0031HSMT,0,FG code missing in FG inventory
710C0031HSMT,0,FG code missing in FG inventory
730C3061,2,FG code missing in FG inventory
730C3061,2,FG code missing in FG inventory
730C3061,2,FG code missing in FG inventory
730C3061,2,FG code missing in FG inventory
710C2091,1,FG code missing in FG inventory
710C2091,1,FG code missing in FG inventory
710C2091,1,FG code missing in FG inventory
710C2091,1,FG code missing in FG inventory
710C2091,1,FG code missing in FG inventory
710C2091,1,FG code missing in FG inventory
750C0031D,1,FG code missing in FG inventory
750C0031D,1,FG code missing in FG inventory
750C0031D,1,FG code missing in FG inventory
750C0031D,1,FG code missing in FG inventory
900C001,0,FG code missing in FG inventory
900C001,0,FG code missing in FG inventory
900C001,0,FG code missing in FG inventory
900C001,0,FG code missing in FG inventory
900C001,0,FG code missing in FG inventory
900C001,0,FG code missing in FG inventory
900C031F,0,FG code missing in FG inventory
900C031F,0,FG code missing in FG inventory
900C031F,0,FG code missing in FG inventory
900C031F,0,FG code missing in FG inventory
900C031F,0,FG code missing in FG inventory
900C031F,0,FG code missing in FG inventory
900C031F,0,FG code missing in FG inventory
730C3381FA,1,FG code missing in FG inventory
730C3381FA,1,FG code missing in FG inventory
730C3381FA,1,FG code missing in FG inventory
730C3381FA,1,FG code missing in FG inventory
730C3381FA,1,FG code missing in FG inventory
730C3381FA,1,FG code missing in FG inventory
730C3381FA,1,FG code missing in FG inventory
730C3381FA,1,FG code missing in FG inventory
730C3381FA,1,FG code missing in FG inventory
730C3381FA,1,FG code missing in FG inventory
730C3381FA,1,FG code missing in FG inventory
720C3021,0,FG code missing in FG inventory
720C3021,0,FG code missing in FG inventory
720C3021,0,FG code missing in FG inventory
720C3021,0,FG code missing in FG inventory
720C3021,0,FG code missing in FG inventory
720C3021,0,FG code missing in FG inventory
720C3021,0,FG code missing in FG inventory
720C3021,0,FG code missing in FG inventory
720C3021,0,FG code missing in FG inventory
710C10011M,0,FG code missing in FG inventory
710C10011M,0,FG code missing in FG inventory
710C10011M,0,FG code missing in FG inventory
710C10011M,0,FG code missing in FG inventory
710C10011M,0,FG code missing in FG inventory
710C10011M,0,FG code missing in FG inventory
500C5001,0,FG code missing in FG inventory
500C5001,0,FG code missing in FG inventory
500C5001,0,FG code missing in FG inventory
500C5001,0,FG code missing in FG inventory
500C5001,0,FG code missing in FG inventory
500C5001,0,FG code missing in FG inventory
500C5001,0,FG code missing in FG inventory
750C1001F,0,FG code missing in FG inventory
750C1001F,0,FG code missing in FG inventory
750C1001F,0,FG code missing in FG inventory
750C1001F,0,FG code missing in FG inventory
750C1001F,0,FG code missing in FG inventory
750C1001F,0,FG code missing in FG inventory
750C1001F,0,FG code missing in FG inventory
710C1082,0,FG code missing in FG inventory
710C1082,0,FG code missing in FG inventory
710C1082,0,FG code missing in FG inventory
710C1082,0,FG code missing in FG inventory
710C1082,0,FG code missing in FG inventory
710C1082,0,FG code missing in FG inventory
710C1082,0,FG code missing in FG inventory
710C1082,0,FG code missing in FG inventory
710C3001HDUV,0,FG code missing in FG inventory
710C3001HDUV,0,FG code missing in FG inventory
710C3001HDUV,0,FG code missing in FG inventory
710C3001HDUV,0,FG code missing in FG inventory
710C3001HDUV,0,FG code missing in FG inventory
710C3001HDUV,0,FG code missing in FG inventory
710C3001HDUV,0,FG code missing in FG inventory
710C3001HDUV,0,FG code missing in FG inventory
710C3001HDUV,0,FG code missing in FG inventory
710C3021HDUV,0,FG code missing in FG inventory
710C3021HDUV,0,FG code missing in FG inventory
710C3021HDUV,0,FG code missing in FG inventory
710C3021HDUV,0,FG code missing in FG inventory
710C3021HDUV,0,FG code missing in FG inventory
710C3021HDUV,0,FG code missing in FG inventory
710C3021HDUV,0,FG code missing in FG inventory
710C3021HDUV,0,FG code missing in FG inventory
710C3021HDUV,0,FG code missing in FG inventory
710C3021HDUV,0,FG code missing in FG inventory
710C3021HDUV,0,FG code missing in FG inventory
720C0001IM,0,FG code missing in FG inventory
720C0001IM,0,FG code missing in FG inventory
720C0001IM,0,FG code missing in FG inventory
720C0001IM,0,FG code missing in FG inventory
720C0001IM,0,FG code missing in FG inventory
720C0001IM,0,FG code missing in FG inventory
910C2091,0,FG code missing in FG inventory
910C2091,0,FG code missing in FG inventory
910C2091,0,FG code missing in FG inventory
910C2091,0,FG code missing in FG inventory
910C2091,0,FG code missing in FG inventory
720C2101,0,FG code missing in FG inventory
720C2101,0,FG code missing in FG inventory
720C2101,0,FG code missing in FG inventory
720C2101,0,FG code missing in FG inventory
720C2101,0,FG code missing in FG inventory
720C2101,0,FG code missing in FG inventory
720C2101,0,FG code missing in FG inventory
720C2101,0,FG code missing in FG inventory
710C0001HT,0,FG code missing in FG inventory
710C0001HT,0,FG code missing in FG inventory
710C0001HT,0,FG code missing in FG inventory
710C0001HT,0,FG code missing in FG inventory
710C0001HT,0,FG code missing in FG inventory
500C2091,0,FG code missing in FG inventory
500C2091,0,FG code missing in FG inventory
500C2091,0,FG code missing in FG inventory
500C2091,0,FG code missing in FG inventory
500C2091,0,FG code missing in FG inventory
500C2091,0,FG code missing in FG inventory
500C0001F,0,FG code missing in FG inventory
500C0001F,0,FG code missing in FG inventory
500C0001F,0,FG code missing in FG inventory
500C0001F,0,FG code missing in FG inventory
500C0001F,0,FG code missing in FG inventory
500C0001F,0,FG code missing in FG inventory
500C0001F,0,FG code missing in FG inventory
710C0031MS,0,FG code missing in FG inventory
720C3031HD,0,FG code missing in FG inventory
720C3031HD,0,FG code missing in FG inventory
720C3031HD,0,FG code missing in FG inventory
720C3031HD,0,FG code missing in FG inventory
720C3031HD,0,FG code missing in FG inventory
710C0031MS,0,FG code missing in FG inventory
710C0031MS,0,FG code missing in FG inventory
710C0031MS,0,FG code missing in FG inventory
720C3005UV,0,FG code missing in FG inventory
720C3005UV,0,FG code missing in FG inventory
720C3005UV,0,FG code missing in FG inventory
720C3005UV,0,FG code missing in FG inventory
720C3005UV,0,FG code missing in FG inventory
720C3005UV,0,FG code missing in FG inventory
720C3005UV,0,FG code missing in FG inventory
720C3005UV,0,FG code missing in FG inventory
710C0032NB,1,FG code missing in FG inventory
710C0032NB,1,FG code missing in FG inventory
710C0032NB,1,FG code missing in FG inventory
710C0032NB,1,FG code missing in FG inventory
710C0032NB,1,FG code missing in FG inventory
730C2002F,2,FG code missing in FG inventory
730C2002F,2,FG code missing in FG inventory
730C2002F,2,FG code missing in FG inventory
730C2002F,2,FG code missing in FG inventory
730C2002F,2,FG code missing in FG inventory
730C2002F,2,FG code missing in FG inventory
730C2002F,2,FG code missing in FG inventory
730C2002F,2,FG code missing in FG inventory
730C2002F,2,FG code missing in FG inventory
730C2003F,3,FG code missing in FG inventory
730C2003F,3,FG code missing in FG inventory
730C2003F,3,FG code missing in FG inventory
730C2003F,3,FG code missing in FG inventory
730C2003F,3,FG code missing in FG inventory
730C2003F,3,FG code missing in FG inventory
730C2003F,3,FG code missing in FG inventory
720C2081F1,0,FG code missing in FG inventory
720C2081F1,0,FG code missing in FG inventory
720C2081F1,0,FG code missing in FG inventory
720C2081F1,0,FG code missing in FG inventory
720C2081F1,0,FG code missing in FG inventory
720C2081F1,0,FG code missing in FG inventory
720C2081F1,0,FG code missing in FG inventory
720C2081F1,0,FG code missing in FG inventory
720C2081F1,0,FG code missing in FG inventory
720C2081F1,0,FG code missing in FG inventory
720C2081F1,0,FG code missing in FG inventory
730C3061,2,FG code missing in FG inventory
730C3061,2,FG code missing in FG inventory
730C3061,2,FG code missing in FG inventory
730C3061,2,FG code missing in FG inventory
730C3061,2,FG code missing in FG inventory
730C3061,2,FG code missing in FG inventory
730C3061,2,FG code missing in FG inventory
720C1531,1,FG code missing in FG inventory
720C1531,1,FG code missing in FG inventory
720C1531,1,FG code missing in FG inventory
720C1531,1,FG code missing in FG inventory
720C1531,1,FG code missing in FG inventory
710C0001HSMT,0,FG code missing in FG inventory
710C0001HSMT,0,FG code missing in FG inventory
710C0001HSMT,0,FG code missing in FG inventory
710C0001HSMT,0,FG code missing in FG inventory
710C0001HSMT,0,FG code missing in FG inventory
910C0091,0,FG code missing in FG inventory
910C0091,0,FG code missing in FG inventory
910C0091,0,FG code missing in FG inventory
720C1281,2,FG code missing in FG inventory
720C1281,2,FG code missing in FG inventory
720C1281,2,FG code missing in FG inventory
720C1281,2,FG code missing in FG inventory
720C1281,2,FG code missing in FG inventory
720C1281,2,FG code missing in FG inventory
720C1281,2,FG code missing in FG inventory
720C1281,2,FG code missing in FG inventory
720C1281,2,FG code missing in FG inventory
720C1281,2,FG code missing in FG inventory
510C3091,0,FG code missing in FG inventory
510C3091,0,FG code missing in FG inventory
510C3091,0,FG code missing in FG inventory
510C3091,0,FG code missing in FG inventory
510C3091,0,FG code missing in FG inventory
760C6031F,0,FG code missing in FG inventory
760C6031F,0,FG code missing in FG inventory
760C6031F,0,FG code missing in FG inventory
760C6031F,0,FG code missing in FG inventory
760C6031F,0,FG code missing in FG inventory
760C6031F,0,FG code missing in FG inventory
760C6011F,0,FG code missing in FG inventory
760C6011F,0,FG code missing in FG inventory
760C6011F,0,FG code missing in FG inventory
760C6011F,0,FG code missing in FG inventory
760C6011F,0,FG code missing in FG inventory
760C6011F,0,FG code missing in FG inventory
750C1011F,0,FG code missing in FG inventory
750C1011F,0,FG code missing in FG inventory
750C1011F,0,FG code missing in FG inventory
750C1011F,0,FG code missing in FG inventory
750C1011F,0,FG code missing in FG inventory
750C1011F,0,FG code missing in FG inventory
750C1011F,0,FG code missing in FG inventory
760C0032,0,FG code missing in FG inventory
760C0032,0,FG code missing in FG inventory
760C0032,0,FG code missing in FG inventory
760C0032,0,FG code missing in FG inventory
760C0032,0,FG code missing in FG inventory
710C3301UVHS,0,FG code missing in FG inventory
710C3301UVHS,0,FG code missing in FG inventory
710C3301UVHS,0,FG code missing in FG inventory
710C3301UVHS,0,FG code missing in FG inventory
710C3301UVHS,0,FG code missing in FG inventory
710C3301UVHS,0,FG code missing in FG inventory
710C3301UVHS,0,FG code missing in FG inventory
710C3301UVHS,0,FG code missing in FG inventory
710C3301UVHS,0,FG code missing in FG inventory
760C1291F,0,FG code missing in FG inventory
760C1291F,0,FG code missing in FG inventory
760C1291F,0,FG code missing in FG inventory
760C1291F,0,FG code missing in FG inventory
760C1291F,0,FG code missing in FG inventory
760C1291F,0,FG code missing in FG inventory
710C0081IM,1,FG code missing in FG inventory
710C0081IM,1,FG code missing in FG inventory
710C0081IM,1,FG code missing in FG inventory
710C0081IM,1,FG code missing in FG inventory
710C0081IM,1,FG code missing in FG inventory
710C0081IM,1,FG code missing in FG inventory
710C0081IM,1,FG code missing in FG inventory
720C3002EDSF,1,FG code missing in FG inventory
720C3002EDSF,1,FG code missing in FG inventory
720C3002EDSF,1,FG code missing in FG inventory
720C3002EDSF,1,FG code missing in FG inventory
720C3002EDSF,1,FG code missing in FG inventory
720C3002EDSF,1,FG code missing in FG inventory
720C3002EDSF,1,FG code missing in FG inventory
720C3002EDSF,1,FG code missing in FG inventory
910C0031,1,FG code missing in FG inventory
910C0031,1,FG code missing in FG inventory
910C0031,1,FG code missing in FG inventory
910C0031,1,FG code missing in FG inventory
730C1022,2,FG code missing in FG inventory
730C1022,2,FG code missing in FG inventory
730C1022,2,FG code missing in FG inventory
730C1022,2,FG code missing in FG inventory
730C1022,2,FG code missing in FG inventory
730C1022,2,FG code missing in FG inventory
730C1022,2,FG code missing in FG inventory
750C0061,1,FG code missing in FG inventory
750C0061,1,FG code missing in FG inventory
750C0061,1,FG code missing in FG inventory
750C0061,1,FG code missing in FG inventory
750C0061,1,FG code missing in FG inventory
510C2232,1,FG code missing in FG inventory
510C2232,1,FG code missing in FG inventory
510C2232,1,FG code missing in FG inventory
510C2232,1,FG code missing in FG inventory
750C0002,1,FG code missing in FG inventory
750C0002,1,FG code missing in FG inventory
750C0002,1,FG code missing in FG inventory
750C0002,1,FG code missing in FG inventory
720C0001F1,2,FG code missing in FG inventory
720C0001F1,2,FG code missing in FG inventory
720C0001F1,2,FG code missing in FG inventory
720C0001F1,2,FG code missing in FG inventory
720C0001F1,2,FG code missing in FG inventory
720C0001F1,2,FG code missing in FG inventory
720C0001F1,2,FG code missing in FG inventory
710C4031HS,1,FG code missing in FG inventory
710C4031HS,1,FG code missing in FG inventory
710C4031HS,1,FG code missing in FG inventory
710C4031HS,1,FG code missing in FG inventory
710C4031HS,1,FG code missing in FG inventory
710C4031HS,1,FG code missing in FG inventory
720C5001HS,1,FG code missing in FG inventory
720C5001HS,1,FG code missing in FG inventory
720C5001HS,1,FG code missing in FG inventory
720C5001HS,1,FG code missing in FG inventory
720C5001HS,1,FG code missing in FG inventory
720C5001HS,1,FG code missing in FG inventory
NSL223789,1,FG code missing in FG inventory
NSL223789,1,FG code missing in FG inventory
NSL223789,1,FG code missing in FG inventory
NSL223789,1,FG code missing in FG inventory
NSL223789,1,FG code missing in FG inventory
NSL223789,1,FG code missing in FG inventory
750C0083,0,FG code missing in FG inventory
750C0083,0,FG code missing in FG inventory
750C0083,0,FG code missing in FG inventory
750C0083,0,FG code missing in FG inventory
750C0083,0,FG code missing in FG inventory
750C0083,0,FG code missing in FG inventory
750C0083,1,FG code missing in FG inventory
750C0083,1,FG code missing in FG inventory
750C0083,1,FG code missing in FG inventory
750C0083,1,FG code missing in FG inventory
750C0083,1,FG code missing in FG inventory
750C0083,1,FG code missing in FG inventory
750C2031F,0,FG code missing in FG inventory
750C2031F,0,FG code missing in FG inventory
750C2031F,0,FG code missing in FG inventory
750C2031F,0,FG code missing in FG inventory
750C2031F,0,FG code missing in FG inventory
710C0092,1,FG code missing in FG inventory
710C0092,1,FG code missing in FG inventory
710C0092,1,FG code missing in FG inventory
710C0092,1,FG code missing in FG inventory
710C0092,1,FG code missing in FG inventory
740C3031F,1,FG code missing in FG inventory
740C3031F,1,FG code missing in FG inventory
740C3031F,1,FG code missing in FG inventory
740C3031F,1,FG code missing in FG inventory
740C3031F,1,FG code missing in FG inventory
740C3031F,1,FG code missing in FG inventory
740C3031F,1,FG code missing in FG inventory
740C3031F,1,FG code missing in FG inventory
720C0003,1,FG code missing in FG inventory
720C0003,1,FG code missing in FG inventory
720C0003,1,FG code missing in FG inventory
720C0003,1,FG code missing in FG inventory
720C0003,1,FG code missing in FG inventory
720C0003,1,FG code missing in FG inventory
720C0003,1,FG code missing in FG inventory
501C0001,0,FG code missing in FG inventory
501C0001,0,FG code missing in FG inventory
501C0001,0,FG code missing in FG inventory
501C0001,0,FG code missing in FG inventory
501C0001,0,FG code missing in FG inventory
750C2081F,1,FG code missing in FG inventory
750C2081F,1,FG code missing in FG inventory
750C2081F,1,FG code missing in FG inventory
750C2081F,1,FG code missing in FG inventory
750C2081F,1,FG code missing in FG inventory
750C2081F,1,FG code missing in FG inventory
750C2081F,1,FG code missing in FG inventory
750C2081F,1,FG code missing in FG inventory
750C2081F,1,FG code missing in FG inventory
750C2081F,1,FG code missing in FG inventory
750C2081F,1,FG code missing in FG inventory
750C2081F,1,FG code missing in FG inventory
710C0081FB,1,FG code missing in FG inventory
710C0081FB,1,FG code missing in FG inventory
710C0081FB,1,FG code missing in FG inventory
710C0081FB,1,FG code missing in FG inventory
710C0081FB,1,FG code missing in FG inventory
710C0081FB,1,FG code missing in FG inventory
710C0081FB,1,FG code missing in FG inventory
720C3001A,1,FG code missing in FG inventory
720C3001A,1,FG code missing in FG inventory
720C3001A,1,FG code missing in FG inventory
720C3001A,1,FG code missing in FG inventory
720C3001A,1,FG code missing in FG inventory
720C3001A,1,FG code missing in FG inventory
720C3001A,1,FG code missing in FG inventory
730C2001F,1,FG code missing in FG inventory
730C2001F,1,FG code missing in FG inventory
730C2001F,1,FG code missing in FG inventory
730C2001F,1,FG code missing in FG inventory
730C2001F,1,FG code missing in FG inventory
730C2001F,1,FG code missing in FG inventory
730C2001F,1,FG code missing in FG inventory
730C2001F,1,FG code missing in FG inventory
730C2001F,1,FG code missing in FG inventory
720C1032,1,FG code missing in FG inventory
720C1032,1,FG code missing in FG inventory
720C1032,1,FG code missing in FG inventory
720C1032,1,FG code missing in FG inventory
730C3041F,2,FG code missing in FG inventory
730C3041F,2,FG code missing in FG inventory
730C3041F,2,FG code missing in FG inventory
730C3041F,2,FG code missing in FG inventory
730C3041F,2,FG code missing in FG inventory
730C3041F,2,FG code missing in FG inventory
730C3041F,2,FG code missing in FG inventory
730C3041F,2,FG code missing in FG inventory
730C3041F,2,FG code missing in FG inventory
760C6031UV,1,FG code missing in FG inventory
760C6031UV,1,FG code missing in FG inventory
760C6031UV,1,FG code missing in FG inventory
760C6031UV,1,FG code missing in FG inventory
760C6031UV,1,FG code missing in FG inventory
710C5031F1,1,FG code missing in FG inventory
710C5031F1,1,FG code missing in FG inventory
710C5031F1,1,FG code missing in FG inventory
710C5031F1,1,FG code missing in FG inventory
710C5031F1,1,FG code missing in FG inventory
710C5031F1,1,FG code missing in FG inventory
710C5031F1,1,FG code missing in FG inventory
710C5031F1,1,FG code missing in FG inventory
710C5031F1,1,FG code missing in FG inventory
710C5031F1,1,FG code missing in FG inventory
710C5031F1,1,FG code missing in FG inventory
710C5031F1,1,FG code missing in FG inventory
710C3001HSIM,1,FG code missing in FG inventory
710C3001HSIM,1,FG code missing in FG inventory
710C3001HSIM,1,FG code missing in FG inventory
710C3001HSIM,1,FG code missing in FG inventory
710C3001HSIM,1,FG code missing in FG inventory
710C3001HSIM,1,FG code missing in FG inventory
710C3001HSIM,1,FG code missing in FG inventory
710C3001F1,2,FG code missing in FG inventory
710C3001F1,2,FG code missing in FG inventory
710C3001F1,2,FG code missing in FG inventory
710C3001F1,2,FG code missing in FG inventory
710C3001F1,2,FG code missing in FG inventory
710C3001F1,2,FG code missing in FG inventory
710C3001F1,2,FG code missing in FG inventory
710C5001F1,1,FG code missing in FG inventory
710C5001F1,1,FG code missing in FG inventory
710C5001F1,1,FG code missing in FG inventory
710C5001F1,1,FG code missing in FG inventory
710C5001F1,1,FG code missing in FG inventory
710C5001F1,1,FG code missing in FG inventory
710C5001F1,1,FG code missing in FG inventory
732C3001F,1,FG code missing in FG inventory
732C3001F,1,FG code missing in FG inventory
732C3001F,1,FG code missing in FG inventory
732C3001F,1,FG code missing in FG inventory
732C3001F,1,FG code missing in FG inventory
732C3001F,1,FG code missing in FG inventory
710D1003,1,FG code missing in FG inventory
710D1003,1,FG code missing in FG inventory
710D1003,1,FG code missing in FG inventory
710D1003,1,FG code missing in FG inventory
710D1003,1,FG code missing in FG inventory
710D1003,1,FG code missing in FG inventory
710D1003,1,FG code missing in FG inventory
710C1032,1,FG code missing in FG inventory
710C1032,1,FG code missing in FG inventory
710C1032,1,FG code missing in FG inventory
710C1032,1,FG code missing in FG inventory
710C1032,1,FG code missing in FG inventory
710C1032,1,FG code missing in FG inventory
710C1032,1,FG code missing in FG inventory
710D1002HS,1,FG code missing in FG inventory
710D1002HS,1,FG code missing in FG inventory
710D1002HS,1,FG code missing in FG inventory
710D1002HS,1,FG code missing in FG inventory
710D1002HS,1,FG code missing in FG inventory
710D1002HS,1,FG code missing in FG inventory
710D0032HS,1,FG code missing in FG inventory
710D0032HS,1,FG code missing in FG inventory
710D0032HS,1,FG code missing in FG inventory
710D0032HS,1,FG code missing in FG inventory
710D0032HS,1,FG code missing in FG inventory
732D1001T,1,FG code missing in FG inventory
732D1001T,1,FG code missing in FG inventory
732D1001T,1,FG code missing in FG inventory
732D1001T,1,FG code missing in FG inventory
732D1001T,1,FG code missing in FG inventory
732D1001T,1,FG code missing in FG inventory
732D1001T,1,FG code missing in FG inventory
722D2082F2,1,FG code missing in FG inventory
722D2082F2,1,FG code missing in FG inventory
722D2082F2,1,FG code missing in FG inventory
722D2082F2,1,FG code missing in FG inventory
722D2082F2,1,FG code missing in FG inventory
722D2082F2,1,FG code missing in FG inventory
722D2082F2,1,FG code missing in FG inventory
722D2082F2,1,FG code missing in FG inventory
722D2082F2,1,FG code missing in FG inventory
722D2082F1,1,FG code missing in FG inventory
722D2082F1,1,FG code missing in FG inventory
722D2082F1,1,FG code missing in FG inventory
722D2082F1,1,FG code missing in FG inventory
722D2082F1,1,FG code missing in FG inventory
722D2082F1,1,FG code missing in FG inventory
722D2082F1,1,FG code missing in FG inventory
722D2082F1,1,FG code missing in FG inventory
722D2082F1,1,FG code missing in FG inventory
732D0001,1,FG code missing in FG inventory
732D0001,1,FG code missing in FG inventory
732D0001,1,FG code missing in FG inventory
732D0001,1,FG code missing in FG inventory
732D0001,1,FG code missing in FG inventory
732D0001,1,FG code missing in FG inventory
710D2086F,1,FG code missing in FG inventory
710D2086F,1,FG code missing in FG inventory
710D2086F,1,FG code missing in FG inventory
710D2086F,1,FG code missing in FG inventory
710D2086F,1,FG code missing in FG inventory
710D2086F,1,FG code missing in FG inventory
710D2086F,1,FG code missing in FG inventory
732D0002,1,FG code missing in FG inventory
732D0002,1,FG code missing in FG inventory
732D0002,1,FG code missing in FG inventory
732D0002,1,FG code missing in FG inventory
732D0002,1,FG code missing in FG inventory
732D0002,1,FG code missing in FG inventory
732D1001,1,FG code missing in FG inventory
732D1001,1,FG code missing in FG inventory
732D1001,1,FG code missing in FG inventory
732D1001,1,FG code missing in FG inventory
732D1001,1,FG code missing in FG inventory
732D1001,1,FG code missing in FG inventory
732D1001,1,FG code missing in FG inventory
732D3031,1,FG code missing in FG inventory
732D3031,1,FG code missing in FG inventory
732D3031,1,FG code missing in FG inventory
732D3031,1,FG code missing in FG inventory
732D3031,1,FG code missing in FG inventory
732D0032,1,FG code missing in FG inventory
732D0032,1,FG code missing in FG inventory
732D0032,1,FG code missing in FG inventory
732D0032,1,FG code missing in FG inventory
732D3081F,1,FG code missing in FG inventory
732D3081F,1,FG code missing in FG inventory
732D3081F,1,FG code missing in FG inventory
732D3081F,1,FG code missing in FG inventory
732D3081F,1,FG code missing in FG inventory
732D3081F,1,FG code missing in FG inventory
732D3081F,1,FG code missing in FG inventory
732D3081F,1,FG code missing in FG inventory
732D3081F,1,FG code missing in FG inventory
732D3081F,1,FG code missing in FG inventory
710D3004HS,0,FG code missing in FG inventory
710D3004HS,0,FG code missing in FG inventory
710D3004HS,0,FG code missing in FG inventory
710D3004HS,0,FG code missing in FG inventory
710D3004HS,0,FG code missing in FG inventory
710D3004HS,0,FG code missing in FG inventory
710D3004HS,0,FG code missing in FG inventory
710D3005HS,1,FG code missing in FG inventory
710D3005HS,1,FG code missing in FG inventory
710D3005HS,1,FG code missing in FG inventory
710D3005HS,1,FG code missing in FG inventory
710D3005HS,1,FG code missing in FG inventory
710D3005HS,1,FG code missing in FG inventory
710D3005HS,1,FG code missing in FG inventory
720C3006HS,0,FG code missing in FG inventory
710D3002HS,1,FG code missing in FG inventory
710D3002HS,1,FG code missing in FG inventory
710D3002HS,1,FG code missing in FG inventory
710D3002HS,1,FG code missing in FG inventory
710D3002HS,1,FG code missing in FG inventory
710D3002HS,1,FG code missing in FG inventory
710D3002HS,1,FG code missing in FG inventory
720D0032ST,1,FG code missing in FG inventory
720D0032ST,1,FG code missing in FG inventory
720D0032ST,1,FG code missing in FG inventory
720D0032ST,1,FG code missing in FG inventory
720D0032ST,1,FG code missing in FG inventory
720D0032ST,1,FG code missing in FG inventory
710D3004HSL,1,FG code missing in FG inventory
710D3004HSL,1,FG code missing in FG inventory
710D3004HSL,1,FG code missing in FG inventory
710D3004HSL,1,FG code missing in FG inventory
710D3004HSL,1,FG code missing in FG inventory
710D3004HSL,1,FG code missing in FG inventory
710D3004HSL,1,FG code missing in FG inventory
710D3004HSL,1,FG code missing in FG inventory
710D3004HSL,1,FG code missing in FG inventory
730D1003F,1,FG code missing in FG inventory
730D1003F,1,FG code missing in FG inventory
730D1003F,1,FG code missing in FG inventory
730D1003F,1,FG code missing in FG inventory
730D1003F,1,FG code missing in FG inventory
730D1003F,1,FG code missing in FG inventory
730D1003F,1,FG code missing in FG inventory
730D1003F,1,FG code missing in FG inventory
710D10044,1,FG code missing in FG inventory
710D10044,1,FG code missing in FG inventory
710D10044,1,FG code missing in FG inventory
710D10044,1,FG code missing in FG inventory
710D10044,1,FG code missing in FG inventory
710D10044,1,FG code missing in FG inventory
710D10044,1,FG code missing in FG inventory
710D10044,1,FG code missing in FG inventory
510D3102,1,FG code missing in FG inventory
510D3102,1,FG code missing in FG inventory
510D3102,1,FG code missing in FG inventory
510D3102,1,FG code missing in FG inventory
510D3102,1,FG code missing in FG inventory
NSL224826,1,FG code missing in FG inventory
AD301,0,FG code missing in FG inventory
710D1001-4,0,FG code missing in FG inventory
710D3002HS,1,FG code missing in FG inventory
710D3002HS,1,FG code missing in FG inventory
710D3002HS,1,FG code missing in FG inventory
710D3002HS,1,FG code missing in FG inventory
710D3002HS,1,FG code missing in FG inventory
710D3002HS,1,FG code missing in FG inventory
710D3002HS,1,FG code missing in FG inventory
720D3082,1,FG code missing in FG inventory
720D3082,1,FG code missing in FG inventory
720D3082,1,FG code missing in FG inventory
720D3082,1,FG code missing in FG inventory
720D3082,1,FG code missing in FG inventory
720D3082,1,FG code missing in FG inventory
720D3082,1,FG code missing in FG inventory
720D3082,1,FG code missing in FG inventory
750D0003F,1,FG code missing in FG inventory
750D0003F,1,FG code missing in FG inventory
750D0003F,1,FG code missing in FG inventory
750D0003F,1,FG code missing in FG inventory
750D0003F,1,FG code missing in FG inventory
710D1002F3IM,1,FG code missing in FG inventory
710D1002F3IM,1,FG code missing in FG inventory
710D1002F3IM,1,FG code missing in FG inventory
710D1002F3IM,1,FG code missing in FG inventory
710D1002F3IM,1,FG code missing in FG inventory
710D1002F3IM,1,FG code missing in FG inventory
710D1002F3IM,1,FG code missing in FG inventory
710D3001F-4,1,FG code missing in FG inventory
710D3001F-4,1,FG code missing in FG inventory
710D3001F-4,1,FG code missing in FG inventory
710D3001F-4,1,FG code missing in FG inventory
710D3001F-4,1,FG code missing in FG inventory
710D3001F-4,1,FG code missing in FG inventory
710D3001F-4,1,FG code missing in FG inventory
710D3001F-4,1,FG code missing in FG inventory
710D3001F-4,1,FG code missing in FG inventory
710D1002F3IM,1,FG code missing in FG inventory
710D1002F3IM,1,FG code missing in FG inventory
710D1002F3IM,1,FG code missing in FG inventory
710D1002F3IM,1,FG code missing in FG inventory
710D1002F3IM,1,FG code missing in FG inventory
710D1002F3IM,1,FG code missing in FG inventory
710D1002F3IM,1,FG code missing in FG inventory
730D2432,1,FG code missing in FG inventory
730D2432,1,FG code missing in FG inventory
730D2432,1,FG code missing in FG inventory
730D2432,1,FG code missing in FG inventory
710D1002HS-6,1,FG code missing in FG inventory
710D1002HS-6,1,FG code missing in FG inventory
710D1002HS-6,1,FG code missing in FG inventory
710D1002HS-6,1,FG code missing in FG inventory
710D1002HS-6,1,FG code missing in FG inventory
710D1002HS-6,1,FG code missing in FG inventory
710D1002HS-6,1,FG code missing in FG inventory
710D1002HS-6,1,FG code missing in FG inventory
710D1002HS-6,1,FG code missing in FG inventory
712D0001HST,1,FG code missing in FG inventory
510D3031,0,FG code missing in FG inventory
510D3031,0,FG code missing in FG inventory
510D3031,1,FG code missing in FG inventory
510D3031,1,FG code missing in FG inventory
510D3031,0,FG code missing in FG inventory
740D2002HS,0,FG code missing in FG inventory
740D2002HS,0,FG code missing in FG inventory
740D2002HS,0,FG code missing in FG inventory
740D2002HS,0,FG code missing in FG inventory
740D2002HS,0,FG code missing in FG inventory
740D2002HS,0,FG code missing in FG inventory
740D2002HS,0,FG code missing in FG inventory
712D3003HS,0,FG code missing in FG inventory
712D3003HS,0,FG code missing in FG inventory
712D3003HS,0,FG code missing in FG inventory
712D3003HS,0,FG code missing in FG inventory
712D3003HS,0,FG code missing in FG inventory
712D3003HS,0,FG code missing in FG inventory
712D3003HS,0,FG code missing in FG inventory
712D3003HS,0,FG code missing in FG inventory
720D2031F1,0,FG code missing in FG inventory
720D2031F1,0,FG code missing in FG inventory
720D2031F1,0,FG code missing in FG inventory
720D2031F1,0,FG code missing in FG inventory
720D2031F1,0,FG code missing in FG inventory
720D2031F1,0,FG code missing in FG inventory
720D2031F1,0,FG code missing in FG inventory
720D2031F1,0,FG code missing in FG inventory
720D2031F1,0,FG code missing in FG inventory
710D0001F4,1,FG code missing in FG inventory
710D0001F4,1,FG code missing in FG inventory
710D0001F4,1,FG code missing in FG inventory
710D0001F4,1,FG code missing in FG inventory
710D0001F4,1,FG code missing in FG inventory
712D2094-F4,1,FG code missing in FG inventory
712D2094-F4,1,FG code missing in FG inventory
712D2094-F4,1,FG code missing in FG inventory
712D2094-F4,1,FG code missing in FG inventory
712D2094-F4,1,FG code missing in FG inventory
712D2094-F4,1,FG code missing in FG inventory
712D2094-F4,1,FG code missing in FG inventory
712D2094-F4,1,FG code missing in FG inventory
712D2094-F4,1,FG code missing in FG inventory
712D2094-F4,1,FG code missing in FG inventory
712D2094-F4,1,FG code missing in FG inventory
712D2094-F4,1,FG code missing in FG inventory
712D2094-F4,1,FG code missing in FG inventory
712D2094-F4,1,FG code missing in FG inventory
712D2094-F4,1,FG code missing in FG inventory
712D2088-F4,1,FG code missing in FG inventory
712D2088-F4,1,FG code missing in FG inventory
712D2088-F4,1,FG code missing in FG inventory
712D2088-F4,1,FG code missing in FG inventory
712D2088-F4,1,FG code missing in FG inventory
712D2088-F4,1,FG code missing in FG inventory
712D2088-F4,1,FG code missing in FG inventory
712D2088-F4,1,FG code missing in FG inventory
712D2088-F4,1,FG code missing in FG inventory
712D2088-F4,1,FG code missing in FG inventory
712D2088-F4,1,FG code missing in FG inventory
712D2088-F4,1,FG code missing in FG inventory
712D2088-F4,1,FG code missing in FG inventory
712D2088-F4,1,FG code missing in FG inventory
712D2088-F4,1,FG code missing in FG inventory
712D2088-F4,1,FG code missing in FG inventory
712D2088-F4,1,FG code missing in FG inventory
712D2088-F4,1,FG code missing in FG inventory
712D3003HS,1,FG code missing in FG inventory
712D3003HS,1,FG code missing in FG inventory
712D3003HS,1,FG code missing in FG inventory
712D3003HS,1,FG code missing in FG inventory
712D3003HS,1,FG code missing in FG inventory
712D3003HS,1,FG code missing in FG inventory
712D3003HS,1,FG code missing in FG inventory
712D3003HS,1,FG code missing in FG inventory
770D3003,1,FG code missing in FG inventory
770D3003,1,FG code missing in FG inventory
770D3003,1,FG code missing in FG inventory
770D3003,1,FG code missing in FG inventory
770D3003,1,FG code missing in FG inventory
770D3003,1,FG code missing in FG inventory
712D3006,0,FG code missing in FG inventory
712D3006,0,FG code missing in FG inventory
712D3006,0,FG code missing in FG inventory
712D3006,0,FG code missing in FG inventory
712D3006,0,FG code missing in FG inventory
712D3006,0,FG code missing in FG inventory
712D3006,0,FG code missing in FG inventory
710D5003IM,0,FG code missing in FG inventory
710D5003IM,0,FG code missing in FG inventory
710D5003IM,0,FG code missing in FG inventory
710D5003IM,0,FG code missing in FG inventory
710D5003IM,0,FG code missing in FG inventory
710D5003IM,0,FG code missing in FG inventory
710D5003IM,0,FG code missing in FG inventory
710D5003IM,0,FG code missing in FG inventory
710D5003IM,0,FG code missing in FG inventory
710D5003IM,0,FG code missing in FG inventory
721D2001F2UV,0,FG code missing in FG inventory
721D2001F2UV,0,FG code missing in FG inventory
721D2001F2UV,0,FG code missing in FG inventory
721D2001F2UV,0,FG code missing in FG inventory
721D2001F2UV,0,FG code missing in FG inventory
721D2001F2UV,0,FG code missing in FG inventory
721D2001F2UV,0,FG code missing in FG inventory
721D2001F2UV,0,FG code missing in FG inventory
721D2001F2UV,0,FG code missing in FG inventory
721D2001F2UV,0,FG code missing in FG inventory
720D4002,0,FG code missing in FG inventory
720D4002,0,FG code missing in FG inventory
720D4002,0,FG code missing in FG inventory
720D4002,0,FG code missing in FG inventory
720D4002,0,FG code missing in FG inventory
720D4002,0,FG code missing in FG inventory
720D4002,0,FG code missing in FG inventory
720D4002,0,FG code missing in FG inventory
SD,0,FG code missing in FG inventory
710D4003L,0,FG code missing in FG inventory
710D4003L,0,FG code missing in FG inventory
710D4003L,0,FG code missing in FG inventory
710D4003L,0,FG code missing in FG inventory
710D4003L,0,FG code missing in FG inventory
710D4003L,0,FG code missing in FG inventory
710D4003L,0,FG code missing in FG inventory
710D4003L,0,FG code missing in FG inventory
730C0031ST,0,FG code missing in FG inventory
730C0031ST,0,FG code missing in FG inventory
730C0031ST,0,FG code missing in FG inventory
730C0031ST,0,FG code missing in FG inventory
510D3031F1,0,FG code missing in FG inventory
510D3031F1,0,FG code missing in FG inventory
510D3031F1,0,FG code missing in FG inventory
510D3031F1,0,FG code missing in FG inventory
510D3031F1,0,FG code missing in FG inventory
510D3031F1,0,FG code missing in FG inventory
510D3031F1,0,FG code missing in FG inventory
510D3031F1,0,FG code missing in FG inventory
510D3031F1,0,FG code missing in FG inventory
510D3031F1,0,FG code missing in FG inventory
730D5391F3,0,FG code missing in FG inventory
730D5391F3,0,FG code missing in FG inventory
730D5391F3,0,FG code missing in FG inventory
730D5391F3,0,FG code missing in FG inventory
730D5391F3,0,FG code missing in FG inventory
730D5391F3,0,FG code missing in FG inventory
730D5391F3,0,FG code missing in FG inventory
730D1034F4,0,FG code missing in FG inventory
510D2131,0,FG code missing in FG inventory
510D2131,0,FG code missing in FG inventory
510D2131,0,FG code missing in FG inventory
510D2131,0,FG code missing in FG inventory
510D2131,0,FG code missing in FG inventory
510D2131,0,FG code missing in FG inventory
510D2131,0,FG code missing in FG inventory
710D2088F3,0,FG code missing in FG inventory
710D2088F3,0,FG code missing in FG inventory
710D2088F3,0,FG code missing in FG inventory
710D2088F3,0,FG code missing in FG inventory
710D2088F3,0,FG code missing in FG inventory
710D2088F3,0,FG code missing in FG inventory
710D2088F3,0,FG code missing in FG inventory
710D2088F3,0,FG code missing in FG inventory
710D2088F3,0,FG code missing in FG inventory
710D2088F3,0,FG code missing in FG inventory
710D2088F3,0,FG code missing in FG inventory
710D2088F3,0,FG code missing in FG inventory
710D2088F3,0,FG code missing in FG inventory
710D2094F3,0,FG code missing in FG inventory
710D2094F3,0,FG code missing in FG inventory
710D2094F3,0,FG code missing in FG inventory
710D2094F3,0,FG code missing in FG inventory
710D2094F3,0,FG code missing in FG inventory
710D2094F3,0,FG code missing in FG inventory
710D2094F3,0,FG code missing in FG inventory
710D2094F3,0,FG code missing in FG inventory
710D2094F3,0,FG code missing in FG inventory
710D2094F3,0,FG code missing in FG inventory
710D2094F3,0,FG code missing in FG inventory
710D2094F3,0,FG code missing in FG inventory
710D2094F3,0,FG code missing in FG inventory
710D5031,0,FG code missing in FG inventory
710D5031,0,FG code missing in FG inventory
710D5031,0,FG code missing in FG inventory
710D5031,0,FG code missing in FG inventory
710D5031,0,FG code missing in FG inventory
710D5031,0,FG code missing in FG inventory
710D5031,0,FG code missing in FG inventory
710D5031,0,FG code missing in FG inventory
710D5031,0,FG code missing in FG inventory
710D2581F3,0,FG code missing in FG inventory
710D2581F3,0,FG code missing in FG inventory
710D2581F3,0,FG code missing in FG inventory
710D2581F3,0,FG code missing in FG inventory
710D2581F3,0,FG code missing in FG inventory
710D2581F3,0,FG code missing in FG inventory
710D2581F3,0,FG code missing in FG inventory
710D2581F3,0,FG code missing in FG inventory
710D2581F3,0,FG code missing in FG inventory
710D2581F3,0,FG code missing in FG inventory
710D2581F3,0,FG code missing in FG inventory
710D2581F3,0,FG code missing in FG inventory
710D2005F3,0,FG code missing in FG inventory
710D2005F3,0,FG code missing in FG inventory
710D2005F3,0,FG code missing in FG inventory
710D2005F3,0,FG code missing in FG inventory
710D2005F3,0,FG code missing in FG inventory
710D2005F3,0,FG code missing in FG inventory
710D2005F3,0,FG code missing in FG inventory
710D2005F3,0,FG code missing in FG inventory
710D2005F3,0,FG code missing in FG inventory
710D2005F3,0,FG code missing in FG inventory
710D2005F3,0,FG code missing in FG inventory
710D2005F3,0,FG code missing in FG inventory
710D2005F3,0,FG code missing in FG inventory
710C0033A,0,FG code missing in FG inventory
720D0081F4,0,FG code missing in FG inventory
720D0081F4,0,FG code missing in FG inventory
720D0081F4,0,FG code missing in FG inventory
720D0081F4,0,FG code missing in FG inventory
720D0081F4,0,FG code missing in FG inventory
720D0081F4,0,FG code missing in FG inventory
720D0081F4,0,FG code missing in FG inventory
720D0081F4,0,FG code missing in FG inventory
720D0081F4,0,FG code missing in FG inventory
720D0081F4,0,FG code missing in FG inventory
720D0081F4,0,FG code missing in FG inventory
720D0081F4,0,FG code missing in FG inventory
720D0081F4,0,FG code missing in FG inventory
720D0081F4,0,FG code missing in FG inventory
720D0081F4,0,FG code missing in FG inventory
720D0035HS,0,FG code missing in FG inventory
720D0035HS,0,FG code missing in FG inventory
720D0035HS,0,FG code missing in FG inventory
720D0035HS,0,FG code missing in FG inventory
720D0035HS,0,FG code missing in FG inventory
720D0035HS,0,FG code missing in FG inventory
720D0035HS,0,FG code missing in FG inventory
720D0035HS,0,FG code missing in FG inventory
720D0035HS,0,FG code missing in FG inventory
710D5001UV,0,FG code missing in FG inventory
710D5001UV,0,FG code missing in FG inventory
710D5001UV,0,FG code missing in FG inventory
710D5001UV,0,FG code missing in FG inventory
710D5001UV,0,FG code missing in FG inventory
710D5001UV,0,FG code missing in FG inventory
710D5001UV,0,FG code missing in FG inventory
710D5001UV,0,FG code missing in FG inventory
710D5001UV,0,FG code missing in FG inventory
710D0031F4,0,FG code missing in FG inventory
710D0031F4,0,FG code missing in FG inventory
710D0031F4,0,FG code missing in FG inventory
710D0031F4,0,FG code missing in FG inventory
710D0031F4,0,FG code missing in FG inventory
710D0031F4,0,FG code missing in FG inventory
730D2001F4,0,FG code missing in FG inventory
730D2001F4,0,FG code missing in FG inventory
730D2001F4,0,FG code missing in FG inventory
730D2001F4,0,FG code missing in FG inventory
730D2001F4,0,FG code missing in FG inventory
730D2001F4,0,FG code missing in FG inventory
730D2001F4,0,FG code missing in FG inventory
730D2001F4,0,FG code missing in FG inventory
712D3031-6,0,FG code missing in FG inventory
712D3031-6,0,FG code missing in FG inventory
712D3031-6,0,FG code missing in FG inventory
712D3031-6,0,FG code missing in FG inventory
712D3031-6,0,FG code missing in FG inventory
712D3031-6,0,FG code missing in FG inventory
712D3031-6,0,FG code missing in FG inventory
712D3081-4,0,FG code missing in FG inventory
712D3081-4,0,FG code missing in FG inventory
712D3081-4,0,FG code missing in FG inventory
712D3081-4,0,FG code missing in FG inventory
712D3081-4,0,FG code missing in FG inventory
712D3081-4,0,FG code missing in FG inventory
712D3081-4,0,FG code missing in FG inventory
712D3081-6,0,FG code missing in FG inventory
712D3081-6,0,FG code missing in FG inventory
712D3081-6,0,FG code missing in FG inventory
712D3081-6,0,FG code missing in FG inventory
712D3081-6,0,FG code missing in FG inventory
712D3081-6,0,FG code missing in FG inventory
712D3081-6,0,FG code missing in FG inventory
730D5391F1,0,FG code missing in FG inventory
730D5391F1,0,FG code missing in FG inventory
730D5391F1,0,FG code missing in FG inventory
730D5391F1,0,FG code missing in FG inventory
730D5391F1,0,FG code missing in FG inventory
730D5391F1,0,FG code missing in FG inventory
730D5391F1,0,FG code missing in FG inventory
730D5391F1,0,FG code missing in FG inventory
730D5391F1,0,FG code missing in FG inventory
730D5391F1,0,FG code missing in FG inventory
720C6081,0,FG code missing in FG inventory
720C6081,0,FG code missing in FG inventory
720C6081,0,FG code missing in FG inventory
720C6081,0,FG code missing in FG inventory
720C6081,0,FG code missing in FG inventory
720C6081,0,FG code missing in FG inventory
720C6081,0,FG code missing in FG inventory
720C6081,0,FG code missing in FG inventory
720C6081,0,FG code missing in FG inventory
720C6081,0,FG code missing in FG inventory
720C6081,0,FG code missing in FG inventory
720C6081,0,FG code missing in FG inventory
720C6081,0,FG code missing in FG inventory
720C6081,0,FG code missing in FG inventory
710C6081,0,FG code missing in FG inventory
710C6081,0,FG code missing in FG inventory
710C6081,0,FG code missing in FG inventory
710C6081,0,FG code missing in FG inventory
710C6081,0,FG code missing in FG inventory
710C6081,0,FG code missing in FG inventory
710C6081,0,FG code missing in FG inventory
710C6081,0,FG code missing in FG inventory
710C6081,0,FG code missing in FG inventory
710C6081,0,FG code missing in FG inventory
710C6081,0,FG code missing in FG inventory
712D3031-6,0,FG code missing in FG inventory
712D3031-6,0,FG code missing in FG inventory
712D3031-6,0,FG code missing in FG inventory
712D3031-6,0,FG code missing in FG inventory
712D3031-6,0,FG code missing in FG inventory
712D3031-6,0,FG code missing in FG inventory
712D3031-6,0,FG code missing in FG inventory
712D2081F3-6,0,FG code missing in FG inventory
712D2081F3-6,0,FG code missing in FG inventory
712D2081F3-6,0,FG code missing in FG inventory
712D2081F3-6,0,FG code missing in FG inventory
712D2081F3-6,0,FG code missing in FG inventory
712D2081F3-6,0,FG code missing in FG inventory
712D2081F3-6,0,FG code missing in FG inventory
730C3033F,0,FG code missing in FG inventory
730C3033F,0,FG code missing in FG inventory
730C3033F,0,FG code missing in FG inventory
730C3033F,0,FG code missing in FG inventory
730C3033F,0,FG code missing in FG inventory
730C3033F,0,FG code missing in FG inventory
730C3033F,0,FG code missing in FG inventory
910C3001,0,FG code missing in FG inventory
910C3001,0,FG code missing in FG inventory
910C3001,0,FG code missing in FG inventory
910C3001,0,FG code missing in FG inventory
910C3001,0,FG code missing in FG inventory
910C3001,0,FG code missing in FG inventory
910C2001,0,FG code missing in FG inventory
910C2001,0,FG code missing in FG inventory
910C2001,0,FG code missing in FG inventory
910C2001,0,FG code missing in FG inventory
910C2001,0,FG code missing in FG inventory
910C2001,0,FG code missing in FG inventory
720C3082,0,FG code missing in FG inventory
720C3082,0,FG code missing in FG inventory
720C3082,0,FG code missing in FG inventory
720C3082,0,FG code missing in FG inventory
720C3082,0,FG code missing in FG inventory
720C3082,0,FG code missing in FG inventory
720C3082,0,FG code missing in FG inventory
720C3082,0,FG code missing in FG inventory
720C3082,0,FG code missing in FG inventory
720C3082,0,FG code missing in FG inventory
711C0001MT,0,FG code missing in FG inventory
711C0001MT,0,FG code missing in FG inventory
711C0001MT,0,FG code missing in FG inventory
711C0001MT,0,FG code missing in FG inventory
711C0001MT,0,FG code missing in FG inventory
710C3039,0,FG code missing in FG inventory
710C3039,0,FG code missing in FG inventory
710C3039,0,FG code missing in FG inventory
710C3039,0,FG code missing in FG inventory
710C3039,0,FG code missing in FG inventory
730D3001HR,0,FG code missing in FG inventory
730D3001HR,0,FG code missing in FG inventory
730D3001HR,0,FG code missing in FG inventory
730D3001HR,0,FG code missing in FG inventory
730D3001HR,0,FG code missing in FG inventory
730D3001HR,0,FG code missing in FG inventory
730D3001HR,0,FG code missing in FG inventory
730D3001HR,0,FG code missing in FG inventory
