item_code,item_type,source_category,stock_uom,purchase_uom,conversion_factor
711M004,RM,Polymer PA,Kg,Kg,1
H8202NLB,RM,Polymer PA,Kg,Kg,1
L08XM,RM,Polymer PBT,Kg,Kg,1
A45,RM,Polymer PA,Kg,Kg,1
G568,RM,Glass Fibre,Kg,Kg,1
P00010,RM,Packing,Kg,Kg,1
WX,RM,Polymer,Kg,Kg,1
L10XM,RM,Polymer PBT,Kg,Kg,1
G534,RM,Glass Fibre,Kg,Kg,1
KEMOLIT SL4,RM,Mineral,Kg,Kg,1
JE25,RM,Polymer PA,Kg,Kg,1
P00009,RM,Packing,Kg,Kg,1
KEMOLIT KF4,RM,Mineral,Kg,Kg,1
711M006BK,RM,Polymer PA,Kg,Kg,1
721M001,RM,Polymer PA,Kg,Kg,1
AD404,RM,Additive,Kg,Kg,1
B-72,RM,Mineral,Kg,Kg,1
L07XM,RM,Polymer PBT,Kg,Kg,1
711M006N,RM,Polymer PA,Kg,Kg,1
P00001,RM,Packing,Kg,Kg,1
711M006SB,RM,Polymer PA,Kg,Kg,1
PE5302,RM,Pigment,Kg,Kg,1
AD411,RM,Additive,Kg,Kg,1
P00004,RM,Packing,Kg,Kg,1
QH1200,RM,Mineral,Kg,Kg,1
P080M,RM,Polymer PBT,Kg,Kg,1
P00003,RM,Packing,Kg,Kg,1
P00008,RM,Packing,Kg,Kg,1
AD409,RM,Additive,Kg,Kg,1
M12RR,RM,Polymer PE/PP,Kg,Kg,1
721M004,RM,Polymer PA,Kg,Kg,1
AD414,RM,Additive,Kg,Kg,1
G508,RM,Glass Fibre,Kg,Kg,1
P00007,RM,Packing,Kg,Kg,1
JEMB,RM,Polymer PA,Kg,Kg,1
AD201,RM,Additive,Kg,Kg,1
M1000R,RM,Polymer PC,Kg,Kg,1
PE0800,RM,Pigment,Kg,Kg,1
PT02,RM,Pigment,Kg,Kg,1
L/OLD,RM,Polymer,Kg,Kg,1
JE25 OG,RM,Polymer PA,Kg,Kg,1
M2407,RM,Polymer PC,Kg,Kg,1
AD402,RM,Additive,Kg,Kg,1
K102A,RM,Mineral,Kg,Kg,1
P00002,RM,Packing,Kg,Kg,1
H350FG,RM,Polymer PE/PP,Kg,Kg,1
PE0570,RM,Pigment,Kg,Kg,1
P00005,RM,Packing,Kg,Kg,1
AD301,RM,Additive,Kg,Kg,1
PMX,RM,Polymer,Kg,Kg,1
721M003,RM,Polymer PA,Kg,Kg,1
PT01,RM,Pigment,Kg,Kg,1
730M001,RM,Polymer PBT,Kg,Kg,1
711M006SN,RM,Polymer PA,Kg,Kg,1
AD103,RM,Additive,Kg,Kg,1
TALC 1090,RM,Mineral,Kg,Kg,1
AD101,RM,Additive,Kg,Kg,1
HR 181,RM,Polymer Styrene,Kg,Kg,1
AD303,RM,Additive,Kg,Kg,1
AD202,RM,Additive,Kg,Kg,1
AD102,RM,Additive,Kg,Kg,1
900M045,RM,Polymer Styrene,Kg,Kg,1
SAN-300N,RM,Polymer PC,Kg,Kg,1
731M001,RM,Polymer PBT,Kg,Kg,1
AD203,RM,Additive,Kg,Kg,1
PT03,RM,Pigment,Kg,Kg,1
AD403,RM,Additive,Kg,Kg,1
PA0002,RM,Additive,Kg,Kg,1
AD304,RM,Additive,Kg,Kg,1
AD416,RM,Additive,Kg,Kg,1
B400MN,RM,Polymer PE/PP,Kg,Kg,1
PC01,RM,Pigment,Kg,Kg,1
AD502,RM,Additive,Kg,Kg,1
AD501,RM,Additive,Kg,Kg,1
AD405,RM,Additive,Kg,Kg,1
AD310,RM,Additive,Kg,Kg,1
AD305,RM,Additive,Kg,Kg,1
AD406,RM,Additive,Kg,Kg,1
B120MN,RM,Polymer PE/PP,Kg,Kg,1
PB02,RM,Pigment,Kg,Kg,1
B220MN,RM,Polymer PE/PP,Kg,Kg,1
G249,RM,Glass Fibre,Kg,Kg,1
POB1,RM,Pigment,Kg,Kg,1
BP0800,RM,Pigment,Kg,Kg,1
AD410,RM,Additive,Kg,Kg,1
AD309,RM,Additive,Kg,Kg,1
PY02,RM,Pigment,Kg,Kg,1
PB05,RM,Pigment,Kg,Kg,1
PR02,RM,Pigment,Kg,Kg,1
POB2,RM,Pigment,Kg,Kg,1
PR01,RM,Pigment,Kg,Kg,1
PB03,RM,Pigment,Kg,Kg,1
P-22,RM,Additive,Kg,Kg,1
H-10,RM,Additive,Kg,Kg,1
PY03,RM,Pigment,Kg,Kg,1
PR03,RM,Pigment,Kg,Kg,1
PB04,RM,Pigment,Kg,Kg,1
PO03,RM,Pigment,Kg,Kg,1
PO04,RM,Pigment,Kg,Kg,1
PV01,RM,Pigment,Kg,Kg,1
AD405A,RM,Additive,Kg,Kg,1
PG01,RM,Pigment,Kg,Kg,1
BP0880,RM,Pigment,Kg,Kg,1
PO01,RM,Pigment,Kg,Kg,1
PB01,RM,Pigment,Kg,Kg,1
AD415,RM,Additive,Kg,Kg,1
24FS040,RM,Polymer PE/PP,Kg,Kg,1
AM650N,RM,Polymer PE/PP,Kg,Kg,1
CO15EG,RM,Polymer PE/PP,Kg,Kg,1
7684 KN,RM,Polymer PE/PP,Kg,Kg,1
Y35GR,RM,Polymer PE/PP,Kg,Kg,1
B265MO,RM,Polymer PE/PP,Kg,Kg,1
501M020,RM,Polymer PE/PP,Kg,Kg,1
2083,RM,Polymer PBT,Kg,Kg,1
2110,RM,Polymer PBT,Kg,Kg,1
P100M,RM,Polymer PBT,Kg,Kg,1
1085,RM,Polymer PBT,Kg,Kg,1
TH6085,RM,Polymer PBT,Kg,Kg,1
711M005,RM,Polymer PA,Kg,Kg,1
711M022,RM,Polymer PA,Kg,Kg,1
711M023,RM,Polymer PA,Kg,Kg,1
JE25SD,RM,Polymer PA,Kg,Kg,1
JE28,RM,Polymer PA,Kg,Kg,1
N200HV,RM,Polymer PA,Kg,Kg,1
711M006SM,RM,Polymer PA,Kg,Kg,1
PC02,RM,Pigment,Kg,Kg,1
PC03,RM,Pigment,Kg,Kg,1
PC04,RM,Pigment,Kg,Kg,1
PC05,RM,Pigment,Kg,Kg,1
PC06,RM,Pigment,Kg,Kg,1
PO02,RM,Pigment,Kg,Kg,1
POB3,RM,Pigment,Kg,Kg,1
PP01,RM,Pigment,Kg,Kg,1
PP02,RM,Pigment,Kg,Kg,1
PP03,RM,Pigment,Kg,Kg,1
PR04,RM,Pigment,Kg,Kg,1
PR05,RM,Pigment,Kg,Kg,1
PR06,RM,Pigment,Kg,Kg,1
PR07,RM,Pigment,Kg,Kg,1
PY01,RM,Pigment,Kg,Kg,1
PY04,RM,Pigment,Kg,Kg,1
PY05,RM,Pigment,Kg,Kg,1
PY06,RM,Pigment,Kg,Kg,1
PY07,RM,Pigment,Kg,Kg,1
PY08,RM,Pigment,Kg,Kg,1
PE0803,RM,Pigment,Kg,Kg,1
BP0717,RM,Pigment,Kg,Kg,1
PE0201,RM,Pigment,Kg,Kg,1
PB06HS,RM,Pigment,Kg,Kg,1
PG02HS,RM,Pigment,Kg,Kg,1
PG03HS,RM,Pigment,Kg,Kg,1
PBR1HS,RM,Pigment,Kg,Kg,1
PBR2HS,RM,Pigment,Kg,Kg,1
PY10HS,RM,Pigment,Kg,Kg,1
PY11HS,RM,Pigment,Kg,Kg,1
PD01,RM,PIGMENT,Kg,Kg,1
P00006,RM,Packing,Kg,Kg,1
P00011,RM,Packing,Kg,Kg,1
P00012,RM,Packing,Kg,Kg,1
P00013,RM,Packing,Kg,Kg,1
P00014,RM,Packing,Kg,Kg,1
CAO,RM,Mineral,Kg,Kg,1
CS-123D,RM,Glass Fibre,Kg,Kg,1
CS-995,RM,Glass Fibre,Kg,Kg,1
T435TM,RM,Glass Fibre,Kg,Kg,1
G968,RM,Glass Fibre,Kg,Kg,1
G952,RM,Glass Fibre,Kg,Kg,1
G511,RM,Glass Fibre,Kg,Kg,1
910M040,RM,ASA Black,Kg,Kg,1
6202,RM,Additive,Kg,Kg,1
AD104,RM,Additive,Kg,Kg,1
P-30,RM,Additive,Kg,Kg,1
AD204,RM,Additive,Kg,Kg,1
AD302,RM,Additive,Kg,Kg,1
AD306,RM,Additive,Kg,Kg,1
AD307,RM,Additive,Kg,Kg,1
AD308,RM,Additive,Kg,Kg,1
AD401,RM,Additive,Kg,Kg,1
AD407,RM,Additive,Kg,Kg,1
AD408,RM,Additive,Kg,Kg,1
PA0001,RM,Additive,Kg,Kg,1
SM-200,RM,Additive,Kg,Kg,1
EXFLAIR,RM,Additive,Kg,Kg,1
GBEAD,RM,Additive,Kg,Kg,1
B-30,RM,Additive,Kg,Kg,1
M-1251,RM,Additive,Kg,Kg,1
M-1420,RM,Additive,Kg,Kg,1
DELAMINE,RM,Additive,Kg,Kg,1
AD205,RM,Additive,Kg,Kg,1
FR-102,RM,Additive,Kg,Kg,1
APP,RM,Additive,Kg,Kg,1
300-FG,RM,Additive,Kg,Kg,1
MIXROY,RM,Additive,Kg,Kg,1
AD311,RM,Additive,Kg,Kg,1
AD312,RM,Additive,Kg,Kg,1
AD313,RM,Additive,Kg,Kg,1
AD412,RM,Additive,Kg,Kg,1
AD413,RM,Additive,Kg,Kg,1
AD417,RM,Additive,Kg,Kg,1
AD206,RM,Additive,Kg,Kg,1
G560,RM,Glass Fibre,Kg,Kg,1
HALDWANI,RM,Mineral,Kg,Kg,1
AD404A,RM,Additive,Kg,Kg,1
PT04,RM,Pigment,Kg,Kg,1
PO05,RM,Pigment,Kg,Kg,1
AD503,RM,Additive,Kg,Kg,1
AD105,RM,Additive,Kg,Kg,1
520M001,RM,Polymer PE/PP,Kg,Kg,1
C320MN,RM,Polymer PE/PP,Kg,Kg,1
790M001,RM,Polymer POM,Kg,Kg,1
AD106,RM,Additive,Kg,Kg,1
910M030,RM,Polymer,Kg,Kg,1
AD107,RM,Additive,Kg,Kg,1
AD601,RM,Additive,Kg,Kg,1
P00015,RM,Packing,Kg,Kg,1
P00016,RM,Packing,Kg,Kg,1
AD314,RM,Additive,Kg,Kg,1
H8202L,RM,Polymer,Kg,Kg,1
AD602,RM,Additive,Kg,Kg,1
AD810,RM,Additive,Kg,Kg,1
AD801,RM,Additive,Kg,Kg,1
AD807,RM,Additive,Kg,Kg,1
AD802,RM,Additive,Kg,Kg,1
AD803G,RM,Glass Fibre,Kg,Kg,1
AD418,RM,Additive,Kg,Kg,1
AD419,RM,Additive,Kg,Kg,1
AD804,RM,Pigment,Kg,Kg,1
AD805,RM,Additive,Kg,Kg,1
AD806,RM,Additive,Kg,Kg,1
AD808,RM,Additive,Kg,Kg,1
AD809,RM,Additive,Kg,Kg,1
AD811,RM,Additive,Kg,Kg,1
AD812M,RM,Glass Fibre,Kg,Kg,1
AD4814,RM,Additive,Kg,Kg,1
PO81,RM,Pigment,Kg,Kg,1
PO82,RM,Pigment,Kg,Kg,1
PT83,RM,Pigment,Kg,Kg,1
AD816,RM,Additive,Kg,Kg,1
AD8,RM,Mineral,Kg,Kg,1
PT05,RM,Pigment,Kg,Kg,1
A45L,RM,Polymer PA,Kg,Kg,1
AD402F,RM,Additive,Kg,Kg,1
L09XM,RM,Polymer PBT,Kg,Kg,1
H200FG,RM,Polymer PE/PP,Kg,Kg,1
AD420,RM,Additive,Kg,Kg,1
AD421,RM,Additive,Kg,Kg,1
H-11,RM,Additive,Kg,Kg,1
T551,RM,Glass Fibre,Kg,Kg,1
530M001,RM,Additive,Kg,Kg,1
JE25L,RM,Polymer,Kg,Kg,1
A45G,RM,Polymer,Kg,Kg,1
AD422,RM,Additive,Kg,Kg,1
AD316,RM,Additive,Kg,Kg,1
AD315,RM,Additive,Kg,Kg,1
AD402F1,RM,Additive,Kg,Kg,1
PE6269,RM,Pigment,Kg,Kg,1
AD209,RM,Additive,Kg,Kg,1
C080M,RM,Polymer PE/PP,Kg,Kg,1
D120MA,RM,Polymer PE/PP,Kg,Kg,1
AER003N,RM,Polymer PE/PP,Kg,Kg,1
AD423,RM,Polymer PE/PP,Kg,Kg,1
L05XM,RM,Polymer PBT,Kg,Kg,1
AD207,RM,Additive,Kg,Kg,1
A24,RM,Polymer PA,Kg,Kg,1
PA0003,RM,Additive,Kg,Kg,1
PE522156,RM,Pigment,Kg,Kg,1
PE252158,RM,Pigment,Kg,Kg,1
PE252169,RM,Pigment,Kg,Kg,1
PE44882,RM,Pigment,Kg,Kg,1
AD424,RM,Additive,Kg,Kg,1
AD815,RM,Additive,Kg,Kg,1
900MS136,RM,Polymer Styrene,Kg,Kg,1
530M002,RM,Polymer Styrene,Kg,Kg,1
H110MA,RM,Polymer PE/PP,Kg,Kg,1
C1200,RM,Polymer Styrene,Kg,Kg,1
710C3031,FG,PA6,Kg,Kg,1
711C3002,FG,PA6,Kg,Kg,1
730C2091,FG,PBT,Kg,Kg,1
711C3001HF,FG,PA6,Kg,Kg,1
730C2093L,FG,PBT,Kg,Kg,1
710C3031HFHS,FG,PA6,Kg,Kg,1
711C0002,FG,PA6,Kg,Kg,1
710C2383F4,FG,PA6,Kg,Kg,1
730C0032,FG,PBT,Kg,Kg,1
710C3003,FG,PA6,Kg,Kg,1
710C0031,FG,PA6,Kg,Kg,1
500C3031,FG,PP,Kg,Kg,1
711C1001,FG,PA6,Kg,Kg,1
730C0031,FG,PBT,Kg,Kg,1
501C3283,FG,PP,Kg,Kg,1
711C0001,FG,PA6,Kg,Kg,1
710C2383F2,FG,PA6,Kg,Kg,1
730C3391F,FG,PBT,Kg,Kg,1
710C3013,FG,PA6,Kg,Kg,1
721C3001,FG,PA66,Kg,Kg,1
731C3001,FG,PBT,Kg,Kg,1
710C2283F4,FG,PA6,Kg,Kg,1
711C3001F,FG,PA6,Kg,Kg,1
730C3031,FG,PBT,Kg,Kg,1
731C3001F,FG,PBT,Kg,Kg,1
710C3001UVS,FG,PA6,Kg,Kg,1
730C3392F,FG,PBT,Kg,Kg,1
710C4101,FG,PA6,Kg,Kg,1
721C0001,FG,PA66,Kg,Kg,1
711C3001M,FG,PA6,Kg,Kg,1
720C3031,FG,PA66,Kg,Kg,1
710C3033,FG,PA6,Kg,Kg,1
711C3003,FG,PA6,Kg,Kg,1
721C3002,FG,PA66,Kg,Kg,1
721C1081,FG,PA66,Kg,Kg,1
730C2091B,FG,PBT,Kg,Kg,1
710C2081,FG,PA6,Kg,Kg,1
500C2291,FG,PP,Kg,Kg,1
711C3005,FG,PA6,Kg,Kg,1
750C0031,FG,Alloy,Kg,Kg,1
711C2001F,FG,PA6,Kg,Kg,1
720C0031,FG,PA66,Kg,Kg,1
710C3001E,FG,PA6,Kg,Kg,1
711C0092,FG,PA6,Kg,Kg,1
500C2192,FG,PP,Kg,Kg,1
730C2091L,FG,PBT,Kg,Kg,1
730C3381,FG,PBT,Kg,Kg,1
710C1031,FG,PA6,Kg,Kg,1
720C3002HS,FG,PA66,Kg,Kg,1
740C3002,FG,PBT,Kg,Kg,1
710C0001ST,FG,PA6,Kg,Kg,1
721C3003,FG,PA66,Kg,Kg,1
711C3002E,FG,PA6,Kg,Kg,1
720C4101,FG,PA66,Kg,Kg,1
710C0001,FG,PA6,Kg,Kg,1
730C3032F,FG,PBT,Kg,Kg,1
750C3031,FG,Alloy,Kg,Kg,1
710C0083,FG,PA6,Kg,Kg,1
730C1001,FG,PBT,Kg,Kg,1
730C2093OP,FG,PBT,Kg,Kg,1
710C6031,FG,PA6,Kg,Kg,1
721C1001,FG,PA66,Kg,Kg,1
730C0033,FG,PBT,Kg,Kg,1
711C0001F,FG,PA6,Kg,Kg,1
711C0092F,FG,PA6,Kg,Kg,1
730C2093A,FG,PBT,Kg,Kg,1
711C1001F,FG,PA6,Kg,Kg,1
710C3081,FG,PA6,Kg,Kg,1
710C2081F1,FG,PA6,Kg,Kg,1
710C4111,FG,PA6,Kg,Kg,1
730C1031,FG,PBT,Kg,Kg,1
730C3001F,FG,PBT,Kg,Kg,1
710C0031ST,FG,PA6,Kg,Kg,1
721C2001F,FG,PA66,Kg,Kg,1
730C3001,FG,PBT,Kg,Kg,1
730C3381F,FG,PBT,Kg,Kg,1
710C1001,FG,PA6,Kg,Kg,1
720C1031,FG,PA66,Kg,Kg,1
740C5001,FG,PBT,Kg,Kg,1
730C2002HS,FG,PBT,Kg,Kg,1
721C3005F,FG,PA66,Kg,Kg,1
720C3005HS,FG,PA66,Kg,Kg,1
710C1012,FG,PA6,Kg,Kg,1
500C2192A,FG,PP,Kg,Kg,1
730C3003F,FG,PBT,Kg,Kg,1
730C3031F,FG,PBT,Kg,Kg,1
740C3001,FG,PBT,Kg,Kg,1
711C0085,FG,PA6,Kg,Kg,1
760C6001,FG,Alloy,Kg,Kg,1
510C3293E,FG,PP,Kg,Kg,1
710C2031F,FG,PA6,Kg,Kg,1
710C5001,FG,PA6,Kg,Kg,1
711C3006HF,FG,PA6,Kg,Kg,1
721C3004,FG,PA66,Kg,Kg,1
730C0001,FG,PBT,Kg,Kg,1
710C0062,FG,PA6,Kg,Kg,1
710C3031W,FG,PA6,Kg,Kg,1
740C2181,FG,PBT,Kg,Kg,1
510C2102,FG,PP,Kg,Kg,1
710C3001HFHS,FG,PA6,Kg,Kg,1
710C3023,FG,PA6,Kg,Kg,1
711C4001F,FG,PA6,Kg,Kg,1
500C2031,FG,PP,Kg,Kg,1
500C2191,FG,PP,Kg,Kg,1
710C3003UV,FG,PA6,Kg,Kg,1
720C0002ST,FG,PA66,Kg,Kg,1
720C0022ST,FG,PA66,Kg,Kg,1
730C2031,FG,PBT,Kg,Kg,1
750C003160,FG,Alloy,Kg,Kg,1
500C3301,FG,PP,Kg,Kg,1
710C3001S,FG,PA6,Kg,Kg,1
720C0001F,FG,PA66,Kg,Kg,1
720C0032,FG,PA66,Kg,Kg,1
500C1031,FG,PP,Kg,Kg,1
500C2221,FG,PP,Kg,Kg,1
500C3001,FG,PP,Kg,Kg,1
500C3181F1,FG,PP,Kg,Kg,1
510C3284,FG,PP,Kg,Kg,1
710C0001F,FG,PA6,Kg,Kg,1
710C3031F,FG,PA6,Kg,Kg,1
711C5001,FG,PA6,Kg,Kg,1
730C3361F,FG,PBT,Kg,Kg,1
740C2191,FG,PBT,Kg,Kg,1
750C0001,FG,Alloy,Kg,Kg,1
900C0032,FG,ABS,Kg,Kg,1
500C0031F,FG,PP,Kg,Kg,1
500C4031,FG,PP,Kg,Kg,1
710C0001UVS,FG,PA6,Kg,Kg,1
730C0031F,FG,PBT,Kg,Kg,1
510C4301,FG,PP,Kg,Kg,1
710C0022,FG,PA6,Kg,Kg,1
710C1011,FG,PA6,Kg,Kg,1
710C2082F1,FG,PA6,Kg,Kg,1
710C2082F2,FG,PA6,Kg,Kg,1
710C2311F,FG,PA6,Kg,Kg,1
710C3031F1,FG,PA6,Kg,Kg,1
711C3001,FG,PA6,Kg,Kg,1
720C0001,FG,PA66,Kg,Kg,1
720C2001,FG,PA66,Kg,Kg,1
720C3034HSHD,FG,PA66,Kg,Kg,1
730C2093LS,FG,PBT,Kg,Kg,1
730C2094F,FG,PBT,Kg,Kg,1
760C0031,FG,Alloy,Kg,Kg,1
900C0001UVS,FG,ABS,Kg,Kg,1
500C0001UV,FG,PP,Kg,Kg,1
500C0091,FG,PP,Kg,Kg,1
500C0091F,FG,PP,Kg,Kg,1
500C1001,FG,PP,Kg,Kg,1
500C1001HS,FG,PP,Kg,Kg,1
500C1131,FG,PP,Kg,Kg,1
500C1151,FG,PP,Kg,Kg,1
500C1161,FG,PP,Kg,Kg,1
500C1181,FG,PP,Kg,Kg,1
500C1182,FG,PP,Kg,Kg,1
500C1185,FG,PP,Kg,Kg,1
500C1201,FG,PP,Kg,Kg,1
500C1231,FG,PP,Kg,Kg,1
500C1232,FG,PP,Kg,Kg,1
500C1261,FG,PP,Kg,Kg,1
500C1271,FG,PP,Kg,Kg,1
500C1271,FG,PP,Kg,Kg,1
500C1281,FG,PP,Kg,Kg,1
500C1292,FG,PP,Kg,Kg,1
500C1294,FG,PP,Kg,Kg,1
500C2001,FG,PP,Kg,Kg,1
500C2001HS,FG,PP,Kg,Kg,1
500C2011,FG,PP,Kg,Kg,1
500C2031H,FG,PP,Kg,Kg,1
500C2111,FG,PP,Kg,Kg,1
500C2121,FG,PP,Kg,Kg,1
500C2122,FG,PP,Kg,Kg,1
500C2123,FG,PP,Kg,Kg,1
500C2131,FG,PP,Kg,Kg,1
500C2131F,FG,PP,Kg,Kg,1
500C2132,FG,PP,Kg,Kg,1
500C2201,FG,PP,Kg,Kg,1
500C2211,FG,PP,Kg,Kg,1
500C2212,FG,PP,Kg,Kg,1
500C2231,FG,PP,Kg,Kg,1
500C2251,FG,PP,Kg,Kg,1
500C2261,FG,PP,Kg,Kg,1
500C2262,FG,PP,Kg,Kg,1
500C2263,FG,PP,Kg,Kg,1
500C2281,FG,PP,Kg,Kg,1
500C2292,FG,PP,Kg,Kg,1
500C2293,FG,PP,Kg,Kg,1
500C2295,FG,PP,Kg,Kg,1
500C3101,FG,PP,Kg,Kg,1
500C3102,FG,PP,Kg,Kg,1
500C3131,FG,PP,Kg,Kg,1
500C3131F,FG,PP,Kg,Kg,1
500C3182,FG,PP,Kg,Kg,1
500C3191F,FG,PP,Kg,Kg,1
500C3201,FG,PP,Kg,Kg,1
500C3282,FG,PP,Kg,Kg,1
500C3295,FG,PP,Kg,Kg,1
500C4031HS,FG,PP,Kg,Kg,1
501C2001,FG,PP,Kg,Kg,1
501C2101,FG,PP,Kg,Kg,1
501C2102,FG,PP,Kg,Kg,1
501C2281,FG,PP,Kg,Kg,1
501C3001,FG,PP,Kg,Kg,1
501C3081,FG,PP,Kg,Kg,1
501C3201,FG,PP,Kg,Kg,1
501C3281,FG,PP,Kg,Kg,1
501C3282,FG,PP,Kg,Kg,1
501C3286,FG,PP,Kg,Kg,1
510C0002,FG,PP,Kg,Kg,1
510C0031F,FG,PP,Kg,Kg,1
510C0041F,FG,PP,Kg,Kg,1
510C0081,FG,PP,Kg,Kg,1
510C0091F,FG,PP,Kg,Kg,1
510C1101IM,FG,PP,Kg,Kg,1
510C1102,FG,PP,Kg,Kg,1
510C1111,FG,PP,Kg,Kg,1
510C1181,FG,PP,Kg,Kg,1
510C1191,FG,PP,Kg,Kg,1
510C1192,FG,PP,Kg,Kg,1
510C1291IM,FG,PP,Kg,Kg,1
510C2001,FG,PP,Kg,Kg,1
510C2101,FG,PP,Kg,Kg,1
510C2103,FG,PP,Kg,Kg,1
510C2131,FG,PP,Kg,Kg,1
510C2181,FG,PP,Kg,Kg,1
510C2191,FG,PP,Kg,Kg,1
510C2193,FG,PP,Kg,Kg,1
510C2193N,FG,PP,Kg,Kg,1
510C2231,FG,PP,Kg,Kg,1
510C2281,FG,PP,Kg,Kg,1
510C2292,FG,PP,Kg,Kg,1
510C2293,FG,PP,Kg,Kg,1
510C2294,FG,PP,Kg,Kg,1
510C2295,FG,PP,Kg,Kg,1
510C2295,FG,PP,Kg,Kg,1
510C3001,FG,PP,Kg,Kg,1
510C3041,FG,PP,Kg,Kg,1
510C3081,FG,PP,Kg,Kg,1
510C3101HS,FG,PP,Kg,Kg,1
510C3131,FG,PP,Kg,Kg,1
510C3191,FG,PP,Kg,Kg,1
510C3231,FG,PP,Kg,Kg,1
510C3251,FG,PP,Kg,Kg,1
510C3281,FG,PP,Kg,Kg,1
510C3282,FG,PP,Kg,Kg,1
510C3283,FG,PP,Kg,Kg,1
510C3285,FG,PP,Kg,Kg,1
510C3286,FG,PP,Kg,Kg,1
510C3291,FG,PP,Kg,Kg,1
510C3292,FG,PP,Kg,Kg,1
510C3293,FG,PP,Kg,Kg,1
510C3293L,FG,PP,Kg,Kg,1
510C3294,FG,PP,Kg,Kg,1
510C3294E,FG,PP,Kg,Kg,1
510C3294L,FG,PP,Kg,Kg,1
510C3295,FG,PP,Kg,Kg,1
510C3295E,FG,PP,Kg,Kg,1
510C3296,FG,PP,Kg,Kg,1
510C3296A,FG,PP,Kg,Kg,1
510C3296B,FG,PP,Kg,Kg,1
510C3299,FG,PP,Kg,Kg,1
510C4131,FG,PP,Kg,Kg,1
510C4191,FG,PP,Kg,Kg,1
510C4193N,FG,PP,Kg,Kg,1
510C5391,FG,PP,Kg,Kg,1
521C3031,FG,PP,Kg,Kg,1
710C0001LS,FG,PA6,Kg,Kg,1
710C0001M,FG,PA6,Kg,Kg,1
710C0002,FG,PA6,Kg,Kg,1
710C0003,FG,PA6,Kg,Kg,1
710C0004,FG,PA6,Kg,Kg,1
710C0021,FG,PA6,Kg,Kg,1
710C0021,FG,PA6,Kg,Kg,1
710C0024,FG,PA6,Kg,Kg,1
710C0025,FG,PA6,Kg,Kg,1
710C0026,FG,PA6,Kg,Kg,1
710C0031F,FG,PA6,Kg,Kg,1
710C0031HS,FG,PA6,Kg,Kg,1
710C0032,FG,PA6,Kg,Kg,1
710C0033,FG,PA6,Kg,Kg,1
710C0041,FG,PA6,Kg,Kg,1
710C0042,FG,PA6,Kg,Kg,1
710C0043,FG,PA6,Kg,Kg,1
710C0044,FG,PA6,Kg,Kg,1
710C0051F,FG,PA6,Kg,Kg,1
710C0061,FG,PA6,Kg,Kg,1
710C0061F,FG,PA6,Kg,Kg,1
710C0062F,FG,PA6,Kg,Kg,1
710C0063,FG,PA6,Kg,Kg,1
710C0064,FG,PA6,Kg,Kg,1
710C0084,FG,PA6,Kg,Kg,1
710C0091,FG,PA6,Kg,Kg,1
710C0091F,FG,PA6,Kg,Kg,1
710C0092F,FG,PA6,Kg,Kg,1
710C1001E,FG,PA6,Kg,Kg,1
710C1001F,FG,PA6,Kg,Kg,1
710C1001HS,FG,PA6,Kg,Kg,1
710C1002,FG,PA6,Kg,Kg,1
710C1021,FG,PA6,Kg,Kg,1
710C1031IMV,FG,PA6,Kg,Kg,1
710C1041,FG,PA6,Kg,Kg,1
710C1061,FG,PA6,Kg,Kg,1
710C1081,FG,PA6,Kg,Kg,1
710C1091,FG,PA6,Kg,Kg,1
710C1092,FG,PA6,Kg,Kg,1
710C1531,FG,PA6,Kg,Kg,1
710C2001,FG,PA6,Kg,Kg,1
710C2001F,FG,PA6,Kg,Kg,1
710C2002F,FG,PA6,Kg,Kg,1
710C2003F,FG,PA6,Kg,Kg,1
710C2031,FG,PA6,Kg,Kg,1
710C2032,FG,PA6,Kg,Kg,1
710C2032F,FG,PA6,Kg,Kg,1
710C2032H,FG,PA6,Kg,Kg,1
710C2051,FG,PA6,Kg,Kg,1
710C2081F,FG,PA6,Kg,Kg,1
710C2081F2,FG,PA6,Kg,Kg,1
710C2082F,FG,PA6,Kg,Kg,1
710C2083F,FG,PA6,Kg,Kg,1
710C2084F,FG,PA6,Kg,Kg,1
710C2085F,FG,PA6,Kg,Kg,1
710C2091F,FG,PA6,Kg,Kg,1
710C2093F,FG,PA6,Kg,Kg,1
710C2281F,FG,PA6,Kg,Kg,1
710C2293F4,FG,PA6,Kg,Kg,1
710C2381F,FG,PA6,Kg,Kg,1
710C2381FF,FG,PA6,Kg,Kg,1
710C2382F,FG,PA6,Kg,Kg,1
710C2382F1,FG,PA6,Kg,Kg,1
710C2382F3,FG,PA6,Kg,Kg,1
710C2383F,FG,PA6,Kg,Kg,1
710C2383F5,FG,PA6,Kg,Kg,1
710C2383F6,FG,PA6,Kg,Kg,1
710C2383F7,FG,PA6,Kg,Kg,1
710C2383F8,FG,PA6,Kg,Kg,1
710C2383FF,FG,PA6,Kg,Kg,1
710C2384F,FG,PA6,Kg,Kg,1
710C2385F,FG,PA6,Kg,Kg,1
710C2386F(N),FG,PA6,Kg,Kg,1
710C2391F,FG,PA6,Kg,Kg,1
710C2392F,FG,PA6,Kg,Kg,1
710C2392F1,FG,PP,Kg,Kg,1
710C2393F,FG,PA6,Kg,Kg,1
710C2394F,FG,PA6,Kg,Kg,1
710C2395F,FG,PA6,Kg,Kg,1
710C3001,FG,PA6,Kg,Kg,1
710C3001E2,FG,PA6,Kg,Kg,1
710C3001EL,FG,PA6,Kg,Kg,1
710C3001F,FG,PA6,Kg,Kg,1
710C3001IM,FG,PA6,Kg,Kg,1
710C3001N,FG,PA6,Kg,Kg,1
710C3001N TRIAL,FG,PA6,Kg,Kg,1
710C3001ST,FG,PA6,Kg,Kg,1
710C3001UVS TRIAL,FG,PA6,Kg,Kg,1
710C3002,FG,PA6,Kg,Kg,1
710C3003F,FG,PA6,Kg,Kg,1
710C3011,FG,PA6,Kg,Kg,1
710C3012,FG,PA6,Kg,Kg,1
710C3014,FG,PA6,Kg,Kg,1
710C3021,FG,PA6,Kg,Kg,1
710C3022,FG,PA6,Kg,Kg,1
710C3024,FG,PA6,Kg,Kg,1
710C3025,FG,PA6,Kg,Kg,1
710C3026,FG,PA6,Kg,Kg,1
710C3027,FG,PA6,Kg,Kg,1
710C3031HF,FG,PA6,Kg,Kg,1
710C3031HS,FG,PA6,Kg,Kg,1
710C3031IM,FG,PA6,Kg,Kg,1
710C3032,FG,PA6,Kg,Kg,1
710C3041,FG,PA6,Kg,Kg,1
710C3042,FG,PA6,Kg,Kg,1
710C3051,FG,PA6,Kg,Kg,1
710C3052,FG,PA6,Kg,Kg,1
710C3053,FG,PA6,Kg,Kg,1
710C3054,FG,PA6,Kg,Kg,1
710C3061,FG,PA6,Kg,Kg,1
710C3062,FG,PA6,Kg,Kg,1
710C3063,FG,PA6,Kg,Kg,1
710C3064,FG,PA6,Kg,Kg,1
710C3065,FG,PA6,Kg,Kg,1
710C3071,FG,PA6,Kg,Kg,1
710C3081F,FG,PA6,Kg,Kg,1
710C3081F1,FG,PA6,Kg,Kg,1
710C3081F2,FG,PA6,Kg,Kg,1
710C3082,FG,PA6,Kg,Kg,1
710C3082F,FG,PA6,Kg,Kg,1
710C3083,FG,PA6,Kg,Kg,1
710C3083F,FG,PA6,Kg,Kg,1
710C3084,FG,PA6,Kg,Kg,1
710C3084F,FG,PA6,Kg,Kg,1
710C3085,FG,PA6,Kg,Kg,1
710C3085F,FG,PA6,Kg,Kg,1
710C3086,FG,PA6,Kg,Kg,1
710C3088,FG,PA6,Kg,Kg,1
710C3088A,FG,PA6,Kg,Kg,1
710C3089,FG,PA6,Kg,Kg,1
710C3091,FG,PA6,Kg,Kg,1
710C3091F,FG,PA6,Kg,Kg,1
710C3092F,FG,PA6,Kg,Kg,1
710C3181,FG,PA6,Kg,Kg,1
710C3301A,FG,PA6,Kg,Kg,1
710C4001,FG,PA6,Kg,Kg,1
710C4031,FG,PA6,Kg,Kg,1
710C4191,FG,PA6,Kg,Kg,1
710C4301,FG,PA6,Kg,Kg,1
710C5001UV,FG,PA6,Kg,Kg,1
710C5031,FG,PA6,Kg,Kg,1
710C5031F,FG,PA6,Kg,Kg,1
710C5081F,FG,PA6,Kg,Kg,1
710D0091,FG,PA6,Kg,Kg,1
710D0092,FG,PA6,Kg,Kg,1
711C0003,FG,PA6,Kg,Kg,1
711C0021,FG,PA6,Kg,Kg,1
711C0051,FG,PA6,Kg,Kg,1
711C0052,FG,PA6,Kg,Kg,1
711C0071,FG,PA6,Kg,Kg,1
711C0081,FG,PA6,Kg,Kg,1
711C0082,FG,PA6,Kg,Kg,1
711C0083,FG,PA6,Kg,Kg,1
711C0084,FG,PA6,Kg,Kg,1
711C0085IM,FG,PA6,Kg,Kg,1
711C0091,FG,PA6,Kg,Kg,1
711C0091F,FG,PA6,Kg,Kg,1
711C1002,FG,PA6,Kg,Kg,1
711C1003,FG,PA6,Kg,Kg,1
711C1201,FG,PA6,Kg,Kg,1
711C2001,FG,PA6,Kg,Kg,1
711C2002F,FG,PA6,Kg,Kg,1
711C2003,FG,PA6,Kg,Kg,1
711C2081,FG,PA6,Kg,Kg,1
711C2081F,FG,PA6,Kg,Kg,1
711C2181,FG,PA6,Kg,Kg,1
711C2181F,FG,PA6,Kg,Kg,1
711C2281F,FG,PA6,Kg,Kg,1
711C2301F,FG,PA6,Kg,Kg,1
711C2381F,FG,PA6,Kg,Kg,1
711C2381F,FG,PA6,Kg,Kg,1
711C3001IM,FG,PA6,Kg,Kg,1
711C3001ML,FG,PA6,Kg,Kg,1
711C3003HS,FG,PA6,Kg,Kg,1
711C3004,FG,PA6,Kg,Kg,1
711C3005E,FG,PA6,Kg,Kg,1
711C3006,FG,PA6,Kg,Kg,1
711C3007,FG,PA6,Kg,Kg,1
711C3031,FG,PA6,Kg,Kg,1
711C3051,FG,PA6,Kg,Kg,1
711C3081,FG,PA6,Kg,Kg,1
711C3081F,FG,PA6,Kg,Kg,1
711C3082,FG,PA6,Kg,Kg,1
711C3084,FG,PA6,Kg,Kg,1
711C3085,FG,PA6,Kg,Kg,1
711C3086,FG,PA6,Kg,Kg,1
711C3091,FG,PA6,Kg,Kg,1
711C3181,FG,PA6,Kg,Kg,1
711C3381,FG,PA6,Kg,Kg,1
711C4001,FG,PA6,Kg,Kg,1
711C4081,FG,PA6,Kg,Kg,1
711C4082,FG,PA6,Kg,Kg,1
711M004,FG,PA6,Kg,Kg,1
711M006N,FG,PA6,Kg,Kg,1
711M006SB,FG,PA6,Kg,Kg,1
711M006SN,FG,PA6,Kg,Kg,1
720C0001HS,FG,PA66,Kg,Kg,1
720C0002,FG,PA66,Kg,Kg,1
720C0011,FG,PA66,Kg,Kg,1
720C0021,FG,PA66,Kg,Kg,1
720C0023,FG,PA66,Kg,Kg,1
720C0024ST,FG,PA66,Kg,Kg,1
720C0031F,FG,PA66,Kg,Kg,1
720C0031HS,FG,PA66,Kg,Kg,1
720C0031ST,FG,PA66,Kg,Kg,1
720C0081,FG,PA66,Kg,Kg,1
720C0081ST,FG,PA66,Kg,Kg,1
720C0082,FG,PA66,Kg,Kg,1
720C0084,FG,PA66,Kg,Kg,1
720C1001,FG,PA66,Kg,Kg,1
720C1001F,FG,PA66,Kg,Kg,1
720C2001F,FG,PA66,Kg,Kg,1
720C2001HS,FG,PA66,Kg,Kg,1
720C2002,FG,PA66,Kg,Kg,1
720C2031,FG,PA66,Kg,Kg,1
720C2031F,FG,PA66,Kg,Kg,1
720C2032,FG,PA66,Kg,Kg,1
720C2061F,FG,PA66,Kg,Kg,1
720C3001,FG,PA66,Kg,Kg,1
720C3001F,FG,PA66,Kg,Kg,1
720C3002F,FG,PA66,Kg,Kg,1
720C3002HSHD,FG,PA66,Kg,Kg,1
720C3002ST,FG,PA66,Kg,Kg,1
720C3004HS,FG,PA66,Kg,Kg,1
720C3004HSHD,FG,PA66,Kg,Kg,1
720C3011,FG,PA66,Kg,Kg,1
720C3031F,FG,PA66,Kg,Kg,1
720C3032,FG,PA66,Kg,Kg,1
720C3032HSHD,FG,PA66,Kg,Kg,1
720C3034,FG,PA6,Kg,Kg,1
720C4001,FG,PA66,Kg,Kg,1
720C4001UV,FG,PA66,Kg,Kg,1
720C4031,FG,PA66,Kg,Kg,1
720C4102,FG,PA66,Kg,Kg,1
720C4301,FG,PA6,Kg,Kg,1
720C5001,FG,PA66,Kg,Kg,1
720C5031,FG,PA66,Kg,Kg,1
720C6001,FG,PA66,Kg,Kg,1
720C6031,FG,PA66,Kg,Kg,1
721C0001F,FG,PA66,Kg,Kg,1
721C0001MT,FG,PA66,Kg,Kg,1
721C0001UV,FG,PA66,Kg,Kg,1
721C1101,FG,PA66,Kg,Kg,1
721C1102,FG,PA66,Kg,Kg,1
721C2001,FG,PA66,Kg,Kg,1
721C2001L,FG,PA66,Kg,Kg,1
721C2002,FG,PA66,Kg,Kg,1
721C2031F,FG,PA66,Kg,Kg,1
721C2101,FG,PA66,Kg,Kg,1
721C3001HS,FG,PA66,Kg,Kg,1
721C3002HF,FG,PA66,Kg,Kg,1
721C3031,FG,PA66,Kg,Kg,1
721C3081,FG,PA66,Kg,Kg,1
721C3082,FG,PA66,Kg,Kg,1
721C4001,FG,PA66,Kg,Kg,1
721C4001UV,FG,PA66,Kg,Kg,1
721C4002,FG,PA66,Kg,Kg,1
721C5001,FG,PA66,Kg,Kg,1
721M003,FG,PA6,Kg,Kg,1
730C0001F,FG,PBT,Kg,Kg,1
730C0001ST,FG,PBT,Kg,Kg,1
730C0002,FG,PBT,Kg,Kg,1
730C0011F,FG,PBT,Kg,Kg,1
730C0021,FG,PBT,Kg,Kg,1
730C0034,FG,PBT,Kg,Kg,1
730C0061,FG,PBT,Kg,Kg,1
730C0081,FG,PBT,Kg,Kg,1
730C0091F,FG,PBT,Kg,Kg,1
730C0091ST,FG,PBT,Kg,Kg,1
730C0092F,FG,PBT,Kg,Kg,1
730C1001UV,FG,PBT,Kg,Kg,1
730C1021,FG,PBT,Kg,Kg,1
730C1041,FG,PBT,Kg,Kg,1
730C1081F,FG,PBT,Kg,Kg,1
730C2001,FG,PBT,Kg,Kg,1
730C2002,FG,PBT,Kg,Kg,1
730C2031F,FG,PBT,Kg,Kg,1
730C2032,FG,PBT,Kg,Kg,1
730C2082F,FG,PBT,Kg,Kg,1
730C2091A,FG,PBT,Kg,Kg,1
730C2091F,FG,PBT,Kg,Kg,1
730C2091ST,FG,PBT,Kg,Kg,1
730C2092,FG,PBT,Kg,Kg,1
730C2092F,FG,PBT,Kg,Kg,1
730C2092F(N),FG,PBT,Kg,Kg,1
730C2093,FG,PBT,Kg,Kg,1
730C2093AL,FG,PBT,Kg,Kg,1
730C2093ALF,FG,PBT,Kg,Kg,1
730C2093AO,FG,PBT,Kg,Kg,1
730C2093B,FG,PBT,Kg,Kg,1
730C2093F,FG,PBT,Kg,Kg,1
730C2093HS,FG,PBT,Kg,Kg,1
730C2181,FG,PBT,Kg,Kg,1
730C2231,FG,PBT,Kg,Kg,1
730C2321,FG,PBT,Kg,Kg,1
730C2391,FG,PBT,Kg,Kg,1
730C2391A,FG,PBT,Kg,Kg,1
730C2392,FG,PBT,Kg,Kg,1
730C2401,FG,PBT,Kg,Kg,1
730C2402,FG,PBT,Kg,Kg,1
730C2403,FG,PBT,Kg,Kg,1
730C2431,FG,PBT,Kg,Kg,1
730C3001HD,FG,PBT,Kg,Kg,1
730C3002F,FG,PBT,Kg,Kg,1
730C3011,FG,PBT,Kg,Kg,1
730C3011F,FG,PBT,Kg,Kg,1
730C3012F,FG,PBT,Kg,Kg,1
730C3021F,FG,PBT,Kg,Kg,1
730C3022F,FG,PBT,Kg,Kg,1
730C3032,FG,PBT,Kg,Kg,1
730C3061F,FG,PBT,Kg,Kg,1
730C3081,FG,PBT,Kg,Kg,1
730C3081F,FG,PBT,Kg,Kg,1
730C3082F,FG,PBT,Kg,Kg,1
730C3083F,FG,PBT,Kg,Kg,1
730C3084F,FG,PBT,Kg,Kg,1
730C3085F,FG,PBT,Kg,Kg,1
730C3088F,FG,PBT,Kg,Kg,1
730C3091F,FG,PBT,Kg,Kg,1
730C3092F,FG,PBT,Kg,Kg,1
730C3093F,FG,PBT,Kg,Kg,1
730C3181F,FG,PBT,Kg,Kg,1
730C3182F,FG,PBT,Kg,Kg,1
730C3183F,FG,PBT,Kg,Kg,1
730C3301,FG,PBT,Kg,Kg,1
730C3382F,FG,PBT,Kg,Kg,1
730C3383F,FG,PBT,Kg,Kg,1
730C3383F2,FG,PBT,Kg,Kg,1
730C3384F,FG,PBT,Kg,Kg,1
730C3391F2,FG,PBT,Kg,Kg,1
730C3394F,FG,PBT,Kg,Kg,1
730C3431,FG,PBT,Kg,Kg,1
730C5001,FG,PBT,Kg,Kg,1
730C5001F,FG,PBT,Kg,Kg,1
731C0031ST,FG,PBT,Kg,Kg,1
731C2001F,FG,PBT,Kg,Kg,1
731C3001ST,FG,PBT,Kg,Kg,1
740C1031,FG,PBT+PET,Kg,Kg,1
740C2101,FG,PBT,Kg,Kg,1
740C2102,FG,PBT,Kg,Kg,1
740C2182,FG,PBT,Kg,Kg,1
740C3031,FG,PBT,Kg,Kg,1
740C3032,FG,PET,Kg,Kg,1
740C3091,FG,PBT,Kg,Kg,1
740C3092,FG,PBT,Kg,Kg,1
740C3191,FG,PBT,Kg,Kg,1
750C0001F,FG,Alloy,Kg,Kg,1
750C0011,FG,Alloy,Kg,Kg,1
750C0012,FG,Alloy,Kg,Kg,1
750C003160E,FG,Alloy,Kg,Kg,1
750C003160M,FG,Alloy,Kg,Kg,1
750C0031F,FG,PC/ABS,Kg,Kg,1
750C0031NG,FG,PC/ABS,Kg,Kg,1
750C0081,FG,Alloy,Kg,Kg,1
750C0082FA,FG,Alloy,Kg,Kg,1
750C0091,FG,Alloy,Kg,Kg,1
750C0091FOP,FG,PC/ABS,Kg,Kg,1
750C0093,FG,Alloy,Kg,Kg,1
750C1001,FG,Alloy,Kg,Kg,1
750C1002,FG,PC/ABS,Kg,Kg,1
750C1031,FG,PC/ABS,Kg,Kg,1
750C1031F,FG,PC/ABS,Kg,Kg,1
750C1081F,FG,Alloy,Kg,Kg,1
750C1091,FG,Alloy,Kg,Kg,1
750C2001,FG,PC/ABS,Kg,Kg,1
750C2031,FG,Alloy,Kg,Kg,1
750C3001F,FG,PC/ABS,Kg,Kg,1
750C3031F,FG,PC/ABS,Kg,Kg,1
750CD001,FG,Alloy,Kg,Kg,1
750CD002,FG,Alloy,Kg,Kg,1
750CD003,FG,Alloy,Kg,Kg,1
760C0002,FG,Alloy,Kg,Kg,1
760C0051,FG,Alloy,Kg,Kg,1
760C0081F,FG,Alloy,Kg,Kg,1
760C0081ST,FG,Alloy,Kg,Kg,1
760C0091,FG,Alloy,Kg,Kg,1
760C0091F,FG,Alloy,Kg,Kg,1
760C0091HS,FG,Alloy,Kg,Kg,1
760C0092F,FG,Alloy,Kg,Kg,1
760C0093F,FG,Alloy,Kg,Kg,1
760C0093HS,FG,Alloy,Kg,Kg,1
760C1001,FG,Alloy,Kg,Kg,1
760C1002,FG,Alloy,Kg,Kg,1
760C1003,FG,Alloy,Kg,Kg,1
760C1031F,FG,PC/ABS,Kg,Kg,1
760C1101,FG,Alloy,Kg,Kg,1
760C2002,FG,Alloy,Kg,Kg,1
760C3001F,FG,Alloy,Kg,Kg,1
760C4031,FG,Alloy,Kg,Kg,1
760C4081F,FG,Alloy,Kg,Kg,1
760C4091,FG,Alloy,Kg,Kg,1
760C4092,FG,Alloy,Kg,Kg,1
760C6001F,FG,Alloy,Kg,Kg,1
760C6002,FG,Alloy,Kg,Kg,1
760C6031,FG,Alloy,Kg,Kg,1
760C6081F,FG,Alloy,Kg,Kg,1
760C6082F,FG,Alloy,Kg,Kg,1
760C6083F,FG,Alloy,Kg,Kg,1
760C6091F,FG,Alloy,Kg,Kg,1
OTHERS,FG,Alloy,Kg,Kg,1
770C3001F,FG,PBT+ASA,Kg,Kg,1
900C0001,FG,ABS,Kg,Kg,1
900C0001F,FG,ABS,Kg,Kg,1
900C0002,FG,ABS,Kg,Kg,1
900C0011,FG,ABS,Kg,Kg,1
900C0011F,FG,ABS,Kg,Kg,1
900C0012,FG,ABS,Kg,Kg,1
900C0013,FG,ABS,Kg,Kg,1
900C0021,FG,ABS,Kg,Kg,1
900C0022,FG,ABS,Kg,Kg,1
900C0023,FG,ABS,Kg,Kg,1
900C0031,FG,ABS,Kg,Kg,1
900C0031F,FG,ABS,Kg,Kg,1
900C0051,FG,ABS,Kg,Kg,1
900C0061,FG,ABS,Kg,Kg,1
900C0061F,FG,ABS,Kg,Kg,1
900C0062,FG,ABS,Kg,Kg,1
900C0063,FG,ABS,Kg,Kg,1
900C0064,FG,ABS,Kg,Kg,1
900C0082,FG,ABS,Kg,Kg,1
900C0082,FG,ABS,Kg,Kg,1
900C0083,FG,ABS,Kg,Kg,1
900C0084,FG,ABS,Kg,Kg,1
900C0085,FG,ABS,Kg,Kg,1
900C0086,FG,ABS,Kg,Kg,1
900C0087,FG,ABS,Kg,Kg,1
900C0091,FG,ABS,Kg,Kg,1
900C0091F,FG,ABS,Kg,Kg,1
900C0092,FG,ABS,Kg,Kg,1
900C0093,FG,ABS,Kg,Kg,1
900C0093B,FG,ABS,Kg,Kg,1
900C0093F,FG,ABS,Kg,Kg,1
900C0095,FG,ABS,Kg,Kg,1
900C0096,FG,ABS,Kg,Kg,1
900C0096,FG,ABS,Kg,Kg,1
900C0096A,FG,ABS,Kg,Kg,1
900C0096P,FG,ABS,Kg,Kg,1
900C0097,FG,ABS,Kg,Kg,1
900C0098,FG,ABS,Kg,Kg,1
900C1001,FG,ABS,Kg,Kg,1
900C1002,FG,ABS,Kg,Kg,1
900C1031,FG,ABS,Kg,Kg,1
900C1231,FG,ABS,Kg,Kg,1
900C2001,FG,ABS,Kg,Kg,1
900C2031,FG,ABS,Kg,Kg,1
900C2032,FG,ABS,Kg,Kg,1
900C2041,FG,ABS,Kg,Kg,1
900C2091,FG,ABS,Kg,Kg,1
900C2092,FG,ABS,Kg,Kg,1
900C3041,FG,ABS,Kg,Kg,1
901C0001,FG,ABS,Kg,Kg,1
901C0081,FG,ABS,Kg,Kg,1
901C0081F,FG,ABS,Kg,Kg,1
901C0081F,FG,ABS,Kg,Kg,1
901C0082,FG,ABS,Kg,Kg,1
901C0083,FG,ABS,Kg,Kg,1
901C1001,FG,ABS,Kg,Kg,1
901C2001,FG,ABS,Kg,Kg,1
901D002,FG,ABS,Kg,Kg,1
910C2031,FG,SAN,Kg,Kg,1
910C2032,FG,SAN,Kg,Kg,1
910C3031,FG,SAN,Kg,Kg,1
L/OLD,FG,PA6,Kg,Kg,1
901C0081F,FG,ABS,Kg,Kg,1
901C0082,FG,ABS,Kg,Kg,1
901C0083,FG,ABS,Kg,Kg,1
901C1001,FG,ABS,Kg,Kg,1
901C2001,FG,ABS,Kg,Kg,1
901D002,FG,ABS,Kg,Kg,1
910C2031,FG,SAN,Kg,Kg,1
910C2032,FG,SAN,Kg,Kg,1
910C3031,FG,SAN,Kg,Kg,1
L/OLD,FG,PA6,Kg,Kg,1
OTHERS,FG,Others,Kg,Kg,1
TRANSFER,FG,Others,Kg,Kg,1
730C3094F,FG,PBT,Kg,Kg,1
510C1291IM,FG,PP,Kg,Kg,1
510C2031,FG,PP,Kg,Kg,1
730C2091LOP,FG,PBT,Kg,Kg,1
OTHERS,FG,Others,Kg,Kg,1
TRANSFER,FG,Others,Kg,Kg,1
730C2091K,FG,PBT,Kg,Kg,1
500C2294,FG,PP,Kg,Kg,1
710C1042,FG,PA6,Kg,Kg,1
710C3001A,FG,PA6,Kg,Kg,1
730C3001UVS,FG,PBT,Kg,Kg,1
500C4001,FG,PP,Kg,Kg,1
710C3131,FG,PA6,Kg,Kg,1
711C0032,FG,PA6,Kg,Kg,1
710C3022A,FG,PA6,Kg,Kg,1
710C0022A,FG,PA6,Kg,Kg,1
720C2011,FG,PA66,Kg,Kg,1
730C3001A,FG,PBT,Kg,Kg,1
500C3021,FG,PP,Kg,Kg,1
730C2091C,FG,PBT,Kg,Kg,1
711C1001A,FG,PA6,Kg,Kg,1
500C3011,FG,PP,Kg,Kg,1
710C3003UVS,FG,PA6,Kg,Kg,1
730C2094F1,FG,PBT,Kg,Kg,1
500C3051,FG,PP,Kg,Kg,1
720C2012,FG,PA66,Kg,Kg,1
711C0002A,FG,,Kg,Kg,1
500C3181F1,FG,PP,Kg,Kg,1
710C3081A,FG,PA6,Kg,Kg,1
770C3001,FG,PBT+ASA,Kg,Kg,1
730C5001,FG,PBT,Kg,Kg,1
740C3001F,FG,PET,Kg,Kg,1
740C3003F,FG,PET,Kg,Kg,1
730C3091F1,FG,PBT,Kg,Kg,1
710C3081FA,FG,PA6,Kg,Kg,1
751C0091FOP,FG,,Kg,Kg,1
730C3086F,FG,PBT,Kg,Kg,1
730C2386F,FG,PBT,Kg,Kg,1
730C3091F1,FG,PBT,Kg,Kg,1
710C3092,FG,PA6,Kg,Kg,1
510C3381,FG,PP,Kg,Kg,1
710C3001UV,FG,PA6,Kg,Kg,1
710C3031UVS,FG,PA6,Kg,Kg,1
730C3001HSF,FG,PBT,Kg,Kg,1
900C3031,FG,ABS,Kg,Kg,1
710C2201F,FG,PA6,Kg,Kg,1
710C0002F,FG,PA6,Kg,Kg,1
731C0001,FG,,Kg,Kg,1
730C2081F,FG,PBT,Kg,Kg,1
710C1002UVS,FG,PA6,Kg,Kg,1
710C3031IM,FG,PA6,Kg,Kg,1
712C3001,FG,PA66,Kg,Kg,1
720C3081F,FG,PA66,Kg,Kg,1
730C2083F,FG,PBT,Kg,Kg,1
711C3002HS,FG,PA6,Kg,Kg,1
720C3032F,FG,PA6,Kg,Kg,1
500C2201F,FG,PP,Kg,Kg,1
500C1191F,FG,PP,Kg,Kg,1
730C3083,FG,PBT,Kg,Kg,1
500C2001UVS,FG,PP,Kg,Kg,1
710C3081FA,FG,PA6,Kg,Kg,1
731C2002HS,FG,PBT,Kg,Kg,1
730C3083,FG,PBT,Kg,Kg,1
721C1002,FG,PA66,Kg,Kg,1
710C2383F9,FG,PA6,Kg,Kg,1
730C2093LS,FG,PBT,Kg,Kg,1
710C0081F,FG,PA6,Kg,Kg,1
500C1191F,FG,PP,Kg,Kg,1
500C1181F,FG,,Kg,Kg,1
500C1191F,FG,PP,Kg,Kg,1
721C1002,FG,PA66,Kg,Kg,1
510C2091,FG,PP,Kg,Kg,1
760C4001F,FG,ABS,Kg,Kg,1
500C2031A,FG,PP,Kg,Kg,1
710C3081FA,FG,PA6,Kg,Kg,1
710C3082A,FG,PA6,Kg,Kg,1
710C3021A,FG,,Kg,Kg,1
500C3101F,FG,PP,Kg,Kg,1
720C5031HS,FG,PA66,Kg,Kg,1
720C0002F,FG,PA66,Kg,Kg,1
710C3093F,FG,PA6,Kg,Kg,1
7203091HS,FG,PA66,Kg,Kg,1
710C2003FA,FG,PA6,Kg,Kg,1
710C2003FA,FG,PA6,Kg,Kg,1
710C2003FA,FG,PA6,Kg,Kg,1
710C0032F,FG,PA6,Kg,Kg,1
710C0032F,FG,PA6,Kg,Kg,1
750C3081F,FG,PC,Kg,Kg,1
750C003160M,FG,Alloy,Kg,Kg,1
510C2031,FG,PP,Kg,Kg,1
710C0081A,FG,PA6,Kg,Kg,1
710C0081FA,FG,PA6,Kg,Kg,1
710C6001,FG,PA6,Kg,Kg,1
710C3081FB,FG,PA6,Kg,Kg,1
711C0002F,FG,PA6,Kg,Kg,1
710C0001HTF,FG,PA6,Kg,Kg,1
710C2092F1,FG,PA6,Kg,Kg,1
720C1002,FG,PA66,Kg,Kg,1
760C1001F,FG,PC/ABS,Kg,Kg,1
500C2181F,FG,PP,Kg,Kg,1
720C3091HS,FG,PA66,Kg,Kg,1
750C1001,FG,PC,Kg,Kg,1
710C0023,FG,PA6,Kg,Kg,1
510C2282,FG,PP,Kg,Kg,1
520C1001F,FG,Others,Kg,Kg,1
720C3081,FG,PA66,Kg,Kg,1
710C4031HFHS,FG,PA6,Kg,Kg,1
740C0011,FG,PC,Kg,Kg,1
730C3092,FG,PBT,Kg,Kg,1
710C3002ST,FG,PA6,Kg,Kg,1
730C0031F1,FG,PBT,Kg,Kg,1
750C1032,FG,PA6,Kg,Kg,1
730C1001F,FG,PBT,Kg,Kg,1
730C3001UVHSHD,FG,PBT,Kg,Kg,1
760C0091A,FG,PC/ABS,Kg,Kg,1
710C3031ST,FG,PA6,Kg,Kg,1
500C1032,FG,PP,Kg,Kg,1
710C1031EDS,FG,PA6,Kg,Kg,1
710C2031HFHS,FG,PA6,Kg,Kg,1
710C1031EDS,FG,PP,Kg,Kg,1
510C2002,FG,PP,Kg,Kg,1
510C2032,FG,PP,Kg,Kg,1
510C2101A,FG,PP,Kg,Kg,1
910C3061,FG,SAN,Kg,Kg,1
510C6031,FG,PP,Kg,Kg,1
790C0031,FG,Others,Kg,Kg,1
710C0082,FG,PA6,Kg,Kg,1
710C2383F2A,FG,PA6,Kg,Kg,1
710C3092P,FG,PA6,Kg,Kg,1
721C2001A,FG,PA66,Kg,Kg,1
721C3001A,FG,PA66,Kg,Kg,1
510C2182,FG,PP,Kg,Kg,1
510C3031HFHS,FG,PP,Kg,Kg,1
730C3004F,FG,PBT,Kg,Kg,1
720C3031HFHS,FG,PA66,Kg,Kg,1
730C3003FIM,FG,PBT,Kg,Kg,1
730C2094F2,FG,PBT,Kg,Kg,1
721C3001F,FG,PA66,Kg,Kg,1
710C5001P,FG,PA6,Kg,Kg,1
711C3002M,FG,PA6,Kg,Kg,1
730C2001F2,FG,PBT,Kg,Kg,1
500C2261HFHS,FG,PP,Kg,Kg,1
760C6002,FG,PC,Kg,Kg,1
760C1004,FG,PC,Kg,Kg,1
500C3091UV,FG,PP,Kg,Kg,1
751C0091,FG,PC,Kg,Kg,1
710C2001HS,FG,PA6,Kg,Kg,1
910C1031,FG,SAN,Kg,Kg,1
711C3002M,FG,PA6,Kg,Kg,1
790C0031,FG,Others,Kg,Kg,1
711C0002M,FG,PA6,Kg,Kg,1
711C0002M,FG,PA6,Kg,Kg,1
710C5291,FG,PA6,Kg,Kg,1
710C2004,FG,PA6,Kg,Kg,1
710C4002,FG,PA6,Kg,Kg,1
720C2181,FG,PA66,Kg,Kg,1
760C0033,FG,PBT,Kg,Kg,1
760C1032,FG,PC,Kg,Kg,1
760C0001,FG,PC,Kg,Kg,1
710C3001IMUV,FG,PA6,Kg,Kg,1
710C3001B,FG,PA6,Kg,Kg,1
730C3031HD,FG,PBT,Kg,Kg,1
710C2401,FG,PA6,Kg,Kg,1
710C4302IM,FG,PA6,Kg,Kg,1
710C0003F,FG,PA6,Kg,Kg,1
500C3331,FG,PP,Kg,Kg,1
500C3331,FG,PP,Kg,Kg,1
710C1083,FG,PA6,Kg,Kg,1
710C0004F,FG,PA6,Kg,Kg,1
710C4081,FG,PA6,Kg,Kg,1
710C0021UVS,FG,PA6,Kg,Kg,1
710C5292,FG,PA6,Kg,Kg,1
750C0002F,FG,PC,Kg,Kg,1
760C1002F,FG,PC/ABS,Kg,Kg,1
711C3002IM,FG,PA6,Kg,Kg,1
710C3032HFHS,FG,PA6,Kg,Kg,1
720C1181,FG,PA66,Kg,Kg,1
770C3002,FG,PBT,Kg,Kg,1
750C1051UVS,FG,PC,Kg,Kg,1
710C0081B,FG,PA6,Kg,Kg,1
710C0082F,FG,PA6,Kg,Kg,1
710C0034,FG,PA6,Kg,Kg,1
510C6031,FG,PP,Kg,Kg,1
710C3002F,FG,PA6,Kg,Kg,1
500C3032,FG,PP,Kg,Kg,1
730C3051,FG,PBT,Kg,Kg,1
760C0001,FG,PBT,Kg,Kg,1
750C0081F,FG,PC,Kg,Kg,1
720C0031F1,FG,PA66,Kg,Kg,1
740C3004,FG,PET,Kg,Kg,1
760C2181,FG,Others,Kg,Kg,1
720C3051HS,FG,PA66,Kg,Kg,1
710C3034,FG,PA6,Kg,Kg,1
730C2095,FG,PBT,Kg,Kg,1
740C5002,FG,PET,Kg,Kg,1
721C0001T,FG,PA66,Kg,Kg,1
730C2095,FG,PBT,Kg,Kg,1
710C5001HF,FG,PA6,Kg,Kg,1
720C2082F1,FG,PA66,Kg,Kg,1
720C2082F1L,FG,PA66,Kg,Kg,1
730C3087F,FG,PBT,Kg,Kg,1
720C0081,FG,PA66,Kg,Kg,1
710C3033F,FG,PA6,Kg,Kg,1
720C3531,FG,PA66,Kg,Kg,1
720C2032F,FG,PA66,Kg,Kg,1
710C2282F,FG,PA6,Kg,Kg,1
710C3033F,FG,PA6,Kg,Kg,1
710C3003F,FG,PA6,Kg,Kg,1
710C5291N,FG,PA6,Kg,Kg,1
730C3095F,FG,PBT,Kg,Kg,1
721C3002HS,FG,PA66,Kg,Kg,1
710C3035,FG,PA6,Kg,Kg,1
721C3002HS,FG,PA66,Kg,Kg,1
710C2091MF,FG,PA6,Kg,Kg,1
710C2092MF,FG,PA6,Kg,Kg,1
720C2013,FG,PA66,Kg,Kg,1
730C3001HDL,FG,PBT,Kg,Kg,1
711C2081F1,FG,PA6,Kg,Kg,1
730C4001F,FG,PBT,Kg,Kg,1
730C3093,FG,PBT,Kg,Kg,1
730C2095F,FG,PBT,Kg,Kg,1
710C3087F,FG,PA6,Kg,Kg,1
710C5001HS,FG,PA6,Kg,Kg,1
710C0022F,FG,PA6,Kg,Kg,1
720C0081F,FG,PA66,Kg,Kg,1
720C3034HS,FG,PA66,Kg,Kg,1
720C5001F,FG,PA66,Kg,Kg,1
711C0092F,FG,PA6,Kg,Kg,1
711C2092F,FG,PA6,Kg,Kg,1
710C5001F,FG,PA6,Kg,Kg,1
720C3003F,FG,PA66,Kg,Kg,1
710C3061F,FG,PA6,Kg,Kg,1
720C3003F,FG,PA66,Kg,Kg,1
740C3033,FG,PET,Kg,Kg,1
710C3021F,FG,PA6,Kg,Kg,1
710C3091HFHS,FG,PA6,Kg,Kg,1
710C0001HS,FG,PA6,Kg,Kg,1
710C3001J,FG,PA6,Kg,Kg,1
710C2383F10,FG,PA6,Kg,Kg,1
710C1001J,FG,PA6,Kg,Kg,1
740C1101,FG,PBT,Kg,Kg,1
720C2082F2,FG,PA66,Kg,Kg,1
710C3036,FG,PA6,Kg,Kg,1
730D3031,FG,PBT,Kg,Kg,1
730D3001L,FG,PBT,Kg,Kg,1
750C0082F,FG,PC,Kg,Kg,1
710D3086F,FG,PA6,Kg,Kg,1
710C3031F2,FG,PA6,Kg,Kg,1
750C0082F,FG,PBT,Kg,Kg,1
712D1001,FG,PA6,Kg,Kg,1
730C3091,FG,PBT,Kg,Kg,1
750C1002F,FG,PC,Kg,Kg,1
510C2031HFHS,FG,PP,Kg,Kg,1
711D1001F,FG,PA6,Kg,Kg,1
710C0031A,FG,PA6,Kg,Kg,1
722D1101HSIM,FG,PA66,Kg,Kg,1
750D1001F,FG,PC,Kg,Kg,1
730D1081,FG,PBT,Kg,Kg,1
722D1101HSIM,FG,PA66,Kg,Kg,1
730D3091,FG,PBT,Kg,Kg,1
720D3022,FG,PA66,Kg,Kg,1
722D3001,FG,PA66,Kg,Kg,1
710D3002UV,FG,PA6,Kg,Kg,1
710D1031F,FG,PA6,Kg,Kg,1
740D3041F,FG,PET,Kg,Kg,1
710D1004HS,FG,PA6,Kg,Kg,1
710C003XF,FG,PA6,Kg,Kg,1
710C009XF,FG,PA6,Kg,Kg,1
710C000XF,FG,PA6,Kg,Kg,1
710C002XF,FG,PA6,Kg,Kg,1
710C503XF,FG,PA6,Kg,Kg,1
710C500XF,FG,PA6,Kg,Kg,1
710C502XF,FG,PA6,Kg,Kg,1
710C509XF,FG,PA6,Kg,Kg,1
711D5002,FG,PA6,Kg,Kg,1
720D0003F,FG,PA66,Kg,Kg,1
722D2001F,FG,PA66,Kg,Kg,1
510C2294,FG,PP,Kg,Kg,1
510C2295,FG,PP,Kg,Kg,1
730D3391,FG,PBT,Kg,Kg,1
730D3392,FG,PBT,Kg,Kg,1
720D0032HS,FG,PA66,Kg,Kg,1
510D2294,FG,PP,Kg,Kg,1
510D2295,FG,PP,Kg,Kg,1
731D5391,FG,PBT,Kg,Kg,1
730D2096F,FG,PBT,Kg,Kg,1
711D3004HS,FG,PA6,Kg,Kg,1
720D1033,FG,PA66,Kg,Kg,1
710D2004F,FG,PA6,Kg,Kg,1
720D0004F,FG,PA66,Kg,Kg,1
730D3005F,FG,PBT,Kg,Kg,1
710D2033F,FG,PA6,Kg,Kg,1
710D2061F,FG,PA6,Kg,Kg,1
710D2021F,FG,PA6,Kg,Kg,1
710D2087F,FG,PA6,Kg,Kg,1
710D1532,FG,PA6,Kg,Kg,1
720D1533,FG,PA66,Kg,Kg,1
711D3008,FG,PA6,Kg,Kg,1
710D3004F,FG,PA6,Kg,Kg,1
730D2097F,FG,PBT,Kg,Kg,1
740C2001,FG,PBT,Kg,Kg,1
710D3006-4,FG,PA6,Kg,Kg,1
710D1004-4,FG,PA6,Kg,Kg,1
720D3004F,FG,PA66,Kg,Kg,1
720D4033,FG,PA66,Kg,Kg,1
720D3007HS,FG,PA66,Kg,Kg,1
720D0003HS,FG,PA66,Kg,Kg,1
710D5002HS,FG,PA6,Kg,Kg,1
710D5003,FG,PA6,Kg,Kg,1
712D0031F,FG,PA6,Kg,Kg,1
720D3035HS,FG,PA66,Kg,Kg,1
711D3008,FG,PA6,Kg,Kg,1
710D3004F,FG,PA6,Kg,Kg,1
710C3036,FG,PA6,Kg,Kg,1
710D2011F,FG,PA6,Kg,Kg,1
720D2083F,FG,PA66,Kg,Kg,1
710C2383F4A,FG,PA6,Kg,Kg,1
720D3006HS,FG,PA66,Kg,Kg,1
712D2088F-4,FG,PA6,Kg,Kg,1
712D2094F-4,FG,PA6,Kg,Kg,1
730C3393,FG,PBT,Kg,Kg,1
720D0021F,FG,PA66,Kg,Kg,1
710D2284F3,FG,PA6,Kg,Kg,1
720D0001F4,FG,PA66,Kg,Kg,1
720D0001F4,FG,PA66,Kg,Kg,1
710D2004F,FG,PA6,Kg,Kg,1
710D2284F3,FG,PA6,Kg,Kg,1
730D3006L,FG,PBT,Kg,Kg,1
711D3008IM,FG,PA6,Kg,Kg,1
730D3033F,FG,PBT,Kg,Kg,1
730D1031,FG,PBT,Kg,Kg,1
730D1004F,FG,PBT,Kg,Kg,1
730D3004F,FG,PBT,Kg,Kg,1
770D2002,FG,PBT+ASA,Kg,Kg,1
710D3028UV,FG,PA6,Kg,Kg,1
710D0027UV,FG,PA6,Kg,Kg,1
720D2002F,FG,PA66,Kg,Kg,1
720D3091HR,FG,PA66,Kg,Kg,1
712D1004-6,FG,PA6,Kg,Kg,1
730D1032,FG,PBT,Kg,Kg,1
510C1193,FG,PP,Kg,Kg,1
710D5003F2,FG,PA6,Kg,Kg,1
722D3081F2-4,FG,PA66,Kg,Kg,1
712D3081F2-4,FG,PA6,Kg,Kg,1
711D3008IM,FG,PA6,Kg,Kg,1
770D2002,FG,PBT+ASA,Kg,Kg,1
720D2002F,FG,PA66,Kg,Kg,1
710D6002,FG,PA6,Kg,Kg,1
711D1004,FG,PP,Kg,Kg,1
721C0001F,FG,PA66,Kg,Kg,1
710C3083F,FG,PA6,Kg,Kg,1
510D3002,FG,PA66,Kg,Kg,1
720D2002F,FG,PP,Kg,Kg,1
510D3002,FG,PA66,Kg,Kg,1
720D2002F,FG,PA6,Kg,Kg,1
510D3002,FG,PP,Kg,Kg,1
720D2002F2,FG,PP,Kg,Kg,1
710C3001HS,FG,PP,Kg,Kg,1
510D0082F1UV,FG,PA6,Kg,Kg,1
730D1033F4,FG,PA66,Kg,Kg,1
620D2031,FG,PA6,Kg,Kg,1
610D2031,FG,,Kg,Kg,1
730D1033F4,FG,,Kg,Kg,1
510D0042F1,FG,,Kg,Kg,1
510D4031F1,FG,,Kg,Kg,1
710D2089F3,FG,,Kg,Kg,1
720D2003F4,FG,,Kg,Kg,1
510C3381,FG,,Kg,Kg,1
510D0042F1,FG,,Kg,Kg,1
710D2294F3,FG,,Kg,Kg,1
710D3037,FG,,Kg,Kg,1
720D0033IMF4,FG,,Kg,Kg,1
730D1033F4,FG,,Kg,Kg,1
710D3001MUV,FG,,Kg,Kg,1
730D3034F4,FG,,Kg,Kg,1
710D2285F3,FG,,Kg,Kg,1
710D2294F3,FG,,Kg,Kg,1
720C3035,FG,,Kg,Kg,1
720D0034IMF4,FG,,Kg,Kg,1
710D2384F3,FG,,Kg,Kg,1
720C0031A,FG,,Kg,Kg,1
710D2385F3,FG,,Kg,Kg,1
710D2384F3,FG,,Kg,Kg,1
710D4004F2,FG,,Kg,Kg,1
730D3381F1,FG,,Kg,Kg,1
720D6001UV,FG,,Kg,Kg,1
730C0035,FG,,Kg,Kg,1
730D2001F1,FG,,Kg,Kg,1
710C3003HS,FG,,Kg,Kg,1
711D1004,FG,,Kg,Kg,1
500C0082FA,FG,,Kg,Kg,1
710C009XF,FG,,Kg,Kg,1
720D0001IMF4,FG,,Kg,Kg,1
730D1031F,FG,,Kg,Kg,1
710D5391,FG,,Kg,Kg,1
710D0001F,FG,,Kg,Kg,1
711D0093,FG,,Kg,Kg,1
710D0093,FG,,Kg,Kg,1
712D3031-4,FG,,Kg,Kg,1
710C0032A,FG,,Kg,Kg,1
710D4391F4,FG,,Kg,Kg,1
720D4031F4,FG,,Kg,Kg,1
720D3082UV,FG,,Kg,Kg,1
720D4031F4,FG,,Kg,Kg,1
710C3037,FG,,Kg,Kg,1
741C3001F,FG,,Kg,Kg,1
720D0031IMF4,FG,,Kg,Kg,1
730C1032,FG,,Kg,Kg,1
510C1131,FG,,Kg,Kg,1
710D6081,FG,,Kg,Kg,1
712D2081F3-4,FG,,Kg,Kg,1
722D2083F2-4,FG,,Kg,Kg,1
710D4391F5,FG,,Kg,Kg,1
730D2091F,FG,,Kg,Kg,1
710D4392F5,FG,,Kg,Kg,1
710C0001E2,FG,,Kg,Kg,1
710C0031F4,FG,,Kg,Kg,1
710D5001F,FG,,Kg,Kg,1
750C0092,FG,,Kg,Kg,1
710C3101,FG,,Kg,Kg,1
760C0092,FG,,Kg,Kg,1
710C1001MT,FG,,Kg,Kg,1
910D2032,FG,,Kg,Kg,1
710C0031K,FG,,Kg,Kg,1
760D0031HF,FG,,Kg,Kg,1
710D3038,FG,,Kg,Kg,1
730D2091,FG,,Kg,Kg,1
740D3002HF,FG,,Kg,Kg,1
510D0082UV,FG,,Kg,Kg,1
710D3001F4,FG,,Kg,Kg,1
710C0002ST,FG,,Kg,Kg,1
710C0031W,FG,,Kg,Kg,1
900C0033,FG,,Kg,Kg,1
750C1091F,FG,,Kg,Kg,1
720C4031HS,FG,,Kg,Kg,1
510C2192,FG,,Kg,Kg,1
751C1091F,FG,,Kg,Kg,1
710C1001MT,FG,,Kg,Kg,1
710C0002ST,FG,,Kg,Kg,1
